qseqid,sseqid,pident,length,mismatch,gapopen,qstart,qend,sstart,send,evalue,bitscore,coverage
AMMPNBBG_00014,sp|A3DIJ8|3PASE_ACET2,94.737,95,5,0,1,95,1,95,1.3200000000000001e-58,179.0,100.0
AMMPNBBG_00025,sp|A3DIK9|COAX_ACET2,100.0,255,0,0,1,255,1,255,0.0,509.0,92.72727272727272
AMMPNBBG_00030,sp|A3DIL4|RF1_ACET2,100.0,360,0,0,1,360,1,360,0.0,741.0,100.0
AMMPNBBG_00032,sp|Q9UYB2|SUA5_PYRAB,54.277,339,147,3,11,349,9,339,3.14e-121,355.0,90.64171122994652
AMMPNBBG_00034,sp|P37351|RPIB_ECOLI,57.931,145,61,0,2,146,3,147,3.25e-53,168.0,96.02649006622516
AMMPNBBG_00035,sp|A3DIL9|UPP_ACET2,99.522,209,1,0,1,209,1,209,6.2999999999999995e-152,422.0,94.57013574660633
AMMPNBBG_00038,sp|Q9X0C4|Y1034_THEMA,63.492,378,135,3,4,380,2,377,7.38e-175,494.0,98.4375
AMMPNBBG_00040,sp|A0Q2Z9|ATPL_CLONN,54.286,70,32,0,2,71,9,78,2.07e-18,74.7,98.59154929577466
AMMPNBBG_00041,sp|A3DIM5|ATPF_ACET2,100.0,181,0,0,1,181,1,181,7.030000000000001e-124,349.0,100.0
AMMPNBBG_00042,sp|A3DIM6|ATPD_ACET2,100.0,178,0,0,11,188,1,178,4.04e-123,347.0,90.35532994923858
AMMPNBBG_00043,sp|A3DIM7|ATPA_ACET2,99.209,506,4,0,1,506,1,506,0.0,1025.0,95.83333333333334
AMMPNBBG_00044,sp|A3DIM8|ATPG_ACET2,100.0,295,0,0,1,295,1,295,0.0,605.0,89.9390243902439
AMMPNBBG_00045,sp|A3DIM9|ATPB_ACET2,100.0,464,0,0,1,464,1,464,0.0,937.0,97.07112970711297
AMMPNBBG_00046,sp|A3DIN0|ATPE_ACET2,100.0,135,0,0,1,135,1,135,4.4000000000000004e-96,275.0,95.74468085106383
AMMPNBBG_00052,sp|Q5WB82|MURA1_SHOC1,62.175,423,157,2,1,422,1,421,0.0,536.0,96.13636363636363
AMMPNBBG_00055,sp|P15281|SP3D_BACSU,60.0,80,32,0,1,80,1,80,3.4600000000000003e-29,102.0,100.0
AMMPNBBG_00056,sp|Q01465|MREB_BACSU,58.485,330,136,1,1,329,1,330,1.2e-138,399.0,86.8421052631579
AMMPNBBG_00058,sp|O51715|FLGG_BORBU,50.549,273,119,8,1,266,1,264,9.169999999999999e-74,229.0,96.12676056338029
AMMPNBBG_00062,sp|A3DIP5|FABZ_ACET2,100.0,146,0,0,1,146,1,146,1.3e-102,292.0,97.33333333333334
AMMPNBBG_00063,sp|A3DIP6|MURC_ACET2,100.0,469,0,0,1,469,1,469,0.0,962.0,90.36608863198458
AMMPNBBG_00065,sp|A3DIP8|SP5G_ACET2,100.0,94,0,0,1,94,1,94,4.05e-65,194.0,100.0
AMMPNBBG_00066,sp|A3DIP9|GLMU_ACET2,100.0,461,0,0,1,461,1,461,0.0,924.0,97.46300211416491
AMMPNBBG_00067,sp|Q8XHJ4|KPRS_CLOPE,69.401,317,96,1,1,316,1,317,2.02e-158,448.0,89.80169971671388
AMMPNBBG_00068,sp|Q181A2|PTH_CLOD6,57.297,185,79,0,4,188,1,185,6.4599999999999995e-81,241.0,92.5
AMMPNBBG_00079,sp|Q0P8T1|NEUBH_CAMJE,59.091,330,132,2,2,328,3,332,8.6e-137,394.0,91.92200557103064
AMMPNBBG_00093,sp|P37554|SPOVT_BACSU,60.109,183,68,3,1,183,1,178,3.3200000000000004e-70,213.0,100.0
AMMPNBBG_00095,sp|P05385|DBH_CLOPA,72.527,91,25,0,1,91,1,91,6.289999999999999e-40,130.0,91.91919191919192
AMMPNBBG_00096,sp|Q9KGI8|RQCP_HALH5,58.228,79,33,0,1,79,1,79,9.33e-26,93.6,100.0
AMMPNBBG_00100,sp|P37560|YABR_BACSU,52.308,130,50,2,1,129,1,119,5.86e-38,128.0,100.0
AMMPNBBG_00146,sp|A0PY95|ALR_CLONN,53.684,380,175,1,11,390,9,387,4.37e-152,437.0,80.85106382978722
AMMPNBBG_00148,sp|P96622|ENDOA_BACSU,69.828,116,35,0,1,116,1,116,4.3599999999999996e-61,185.0,99.14529914529915
AMMPNBBG_00153,sp|Q58094|TKTN_METJA,57.836,268,109,3,6,271,7,272,1.7700000000000001e-96,287.0,82.97213622291022
AMMPNBBG_00154,sp|Q58092|TKTC_METJA,51.613,310,139,6,8,311,12,316,1.63e-101,303.0,96.27329192546584
AMMPNBBG_00162,sp|A3DIY3|ILVD_ACET2,99.819,554,1,0,1,554,1,554,0.0,1118.0,90.08130081300813
AMMPNBBG_00163,sp|P37251|ILVB_BACSU,50.719,556,266,5,3,553,18,570,0.0,546.0,91.90082644628099
AMMPNBBG_00166,sp|Q9KGE7|NUSG_HALH5,58.757,177,65,3,9,177,2,178,2.2600000000000002e-66,203.0,90.76923076923077
AMMPNBBG_00167,sp|A3DIZ0|RL11_ACET2,100.0,141,0,0,1,141,1,141,2.76e-99,283.0,95.91836734693877
AMMPNBBG_00168,sp|A3DIZ1|RL1_ACET2,100.0,231,0,0,1,231,1,231,5.89e-169,467.0,99.14163090128756
AMMPNBBG_00169,sp|B0KCJ0|RL10_THEP3,51.163,172,83,1,8,178,6,177,4e-55,175.0,91.005291005291
AMMPNBBG_00170,sp|B3EER1|RL7_CHLL2,64.516,124,43,1,6,129,3,125,1.1300000000000001e-43,142.0,90.51094890510949
AMMPNBBG_00171,sp|A3DIZ4|RPOB_ACET2,99.92,1250,1,0,1,1250,1,1250,0.0,2522.0,98.58044164037855
AMMPNBBG_00172,sp|A3DIZ5|RPOC_ACET2,99.914,1165,1,0,1,1165,1,1165,0.0,2373.0,91.66011014948859
AMMPNBBG_00173,sp|Q8R7U8|RXL7_CALS4,60.294,68,27,0,9,76,8,75,2.63e-22,84.7,80.0
AMMPNBBG_00174,sp|A3DIZ7|RS12_ACET2,100.0,142,0,0,1,142,1,142,3.17e-100,286.0,99.3006993006993
AMMPNBBG_00175,sp|A3DIZ8|RS7_ACET2,100.0,156,0,0,1,156,1,156,2.25e-113,320.0,98.11320754716981
AMMPNBBG_00176,sp|A3DIZ9|EFG_ACET2,99.713,697,2,0,1,697,1,697,0.0,1435.0,97.89325842696628
AMMPNBBG_00177,sp|A3DJ00|EFTU_ACET2,99.75,400,1,0,1,400,1,400,0.0,816.0,97.0873786407767
AMMPNBBG_00184,sp|A3DJ07|UVRC_ACET2,100.0,625,0,0,1,625,1,625,0.0,1276.0,89.54154727793696
AMMPNBBG_00186,sp|A3DJ09|TIG_ACET2,100.0,428,0,0,1,428,1,428,0.0,843.0,95.32293986636972
AMMPNBBG_00187,sp|A3DJ10|CLPP_ACET2,100.0,194,0,0,1,194,1,194,1.03e-142,398.0,97.97979797979798
AMMPNBBG_00188,sp|A3DJ11|CLPX_ACET2,100.0,431,0,0,1,431,1,431,0.0,867.0,95.77777777777777
AMMPNBBG_00189,sp|P42425|LON2_BACSU,59.165,551,220,4,3,550,4,552,0.0,665.0,95.99303135888502
AMMPNBBG_00190,sp|A3DJ13|TSAD_ACET2,100.0,339,0,0,1,339,1,339,0.0,685.0,89.21052631578948
AMMPNBBG_00191,sp|O31608|CWLQ_BACSU,60.0,120,48,0,103,222,60,179,1.58e-47,157.0,80.0
AMMPNBBG_00195,sp|A3DJ18|SSRP_ACET2,100.0,154,0,0,1,154,1,154,6.3e-109,309.0,96.25
AMMPNBBG_00206,sp|P96662|YDEE_BACSU,68.276,290,92,0,1,290,1,290,1.54e-148,421.0,100.0
AMMPNBBG_00228,sp|Q06848|ANCA_ACET2,56.818,44,19,0,193,236,350,393,2.34e-07,54.7,100.0
AMMPNBBG_00234,sp|Q57897|Y455_METJA,54.106,207,79,6,8,214,1,191,9.69e-56,179.0,100.0
AMMPNBBG_00242,sp|P56810|PORA_METTH,50.139,361,175,3,7,367,6,361,3.8200000000000006e-123,364.0,89.13580246913581
AMMPNBBG_00245,sp|O58584|Y854_PYRHO,64.228,123,44,0,4,126,3,125,4.19e-53,166.0,94.61538461538461
AMMPNBBG_00246,sp|O05394|MCCB_BACSU,51.743,373,180,0,14,386,5,377,8.62e-146,421.0,87.55868544600939
AMMPNBBG_00251,sp|Q57855|Y412_METJA,51.046,239,117,0,3,241,17,255,1.87e-91,273.0,88.19188191881919
AMMPNBBG_00253,sp|P23340|GUNC_CLOSF,100.0,343,0,0,1,343,1,343,0.0,712.0,100.0
AMMPNBBG_00269,sp|B8I8N7|ENGB_RUMCH,56.383,188,80,1,9,194,3,190,1.84e-75,228.0,87.03703703703704
AMMPNBBG_00271,sp|A3DD04|THIG_ACET2,100.0,255,0,0,1,255,1,255,0.0,505.0,95.86466165413535
AMMPNBBG_00275,sp|A5N937|THIC_CLOK5,78.422,431,93,0,2,432,3,433,0.0,702.0,91.3135593220339
AMMPNBBG_00282,sp|P55742|AMP_ACETH,100.0,325,0,0,1,325,6,330,0.0,654.0,93.65994236311239
AMMPNBBG_00283,sp|Q97ES6|HIS8_CLOAB,62.678,351,131,0,1,351,1,351,1.4200000000000002e-160,456.0,89.769820971867
AMMPNBBG_00288,sp|Q9L9C1|PAAK_AROEV,52.582,426,196,4,9,431,15,437,3.69e-154,446.0,96.16252821670429
AMMPNBBG_00295,sp|A3DD27|MTNA_ACET2,100.0,342,0,0,1,342,1,342,0.0,700.0,85.71428571428571
AMMPNBBG_00296,sp|A1RXU2|MTAP_THEPD,52.918,257,113,3,4,258,3,253,3.4199999999999996e-94,281.0,94.13919413919413
AMMPNBBG_00299,sp|P26224|GUNF_ACET2,50.668,748,320,16,2,710,1,738,0.0,685.0,100.0
AMMPNBBG_00324,sp|A3DD54|SYE_ACET2,100.0,546,0,0,1,546,1,546,0.0,1133.0,95.6217162872154
AMMPNBBG_00339,sp|A3DD66|ENG1_ACET2,99.741,773,2,0,43,815,1,773,0.0,1603.0,98.34605597964376
AMMPNBBG_00353,sp|A3DD79|RNH_ACET2,100.0,147,0,0,1,147,1,147,1.22e-105,300.0,93.0379746835443
AMMPNBBG_00356,sp|Q9KCP0|XERD_HALH5,50.865,289,140,2,8,294,11,299,2.09e-106,314.0,83.28530259365994
AMMPNBBG_00357,sp|A3DD83|DEOB_ACET2,100.0,388,0,0,1,388,1,388,0.0,789.0,93.26923076923077
AMMPNBBG_00358,sp|P77836|PDP_GEOSE,57.729,414,174,1,1,413,1,414,2.89e-173,494.0,92.82511210762333
AMMPNBBG_00361,sp|P50097|IMDH_TRIFO,65.996,497,166,2,1,495,1,496,0.0,657.0,96.13152804642166
AMMPNBBG_00363,sp|P41023|DCDA_BACMT,53.791,422,194,1,1,422,1,421,4.35e-158,456.0,94.61883408071749
AMMPNBBG_00366,sp|Q9WYW2|SYW_THEMA,58.282,326,133,2,6,328,3,328,6.66e-133,384.0,82.74111675126903
AMMPNBBG_00368,sp|A3DD94|SCPB_ACET2,100.0,198,0,0,1,198,1,198,4.07e-144,402.0,99.49748743718592
AMMPNBBG_00371,sp|O34806|GERW_BACSU,54.015,137,57,2,1,136,1,132,1.39e-39,134.0,100.0
AMMPNBBG_00372,sp|P35159|RLUB_BACSU,51.092,229,109,2,5,231,3,230,6.36e-72,222.0,90.15748031496062
AMMPNBBG_00373,sp|A3DDA0|SPEE_ACET2,99.636,275,1,0,1,275,1,275,0.0,560.0,95.81881533101046
AMMPNBBG_00374,sp|Q81JT1|SPEB_BACAN,51.087,276,131,3,14,286,12,286,6.13e-101,300.0,83.13253012048193
AMMPNBBG_00375,sp|Q2FXG9|MNMM_STAA8,50.0,178,81,3,15,188,14,187,1.51e-50,164.0,95.18716577540107
AMMPNBBG_00377,sp|Q57079|MMDA_VEIPA,64.844,512,172,1,5,516,6,509,0.0,701.0,97.52380952380952
AMMPNBBG_00380,sp|Q58628|PYCB_METJA,64.027,442,154,3,4,442,2,441,0.0,579.0,94.64668094218416
AMMPNBBG_00391,sp|Q81FS2|KCY_BACCR,55.14,214,95,1,6,219,4,216,5.86e-76,231.0,92.64069264069265
AMMPNBBG_00394,sp|A3DDC1|SPEH_ACET2,100.0,124,0,0,1,124,1,124,3.93e-89,256.0,98.4126984126984
AMMPNBBG_00395,sp|A3DDC2|NDK_ACET2,100.0,136,0,0,1,136,1,136,3.47e-98,280.0,96.45390070921985
AMMPNBBG_00396,sp|Q9KCB8|CHER_HALH5,52.734,256,121,0,1,256,1,256,1.85e-93,278.0,96.2406015037594
AMMPNBBG_00399,sp|O34527|CYMR_BACSU,51.515,132,55,2,1,132,1,123,1.72e-39,132.0,90.41095890410958
AMMPNBBG_00400,sp|A5I4Z9|ISCS_CLOBH,65.116,387,133,1,4,388,2,388,0.0,535.0,92.14285714285714
AMMPNBBG_00401,sp|P0DMG2|ISCU2_ARCFU,71.311,122,35,0,2,123,1,122,3.5500000000000004e-58,181.0,87.14285714285714
AMMPNBBG_00402,sp|A3DDC8|MNMA_ACET2,100.0,359,0,0,1,359,1,359,0.0,736.0,93.00518134715026
AMMPNBBG_00403,sp|A3DDC9|SYY_ACET2,100.0,408,0,0,1,408,1,408,0.0,841.0,88.50325379609545
AMMPNBBG_00406,sp|Q97K30|APEA_CLOAB,54.626,454,205,1,21,474,11,463,0.0,529.0,92.27642276422763
AMMPNBBG_00408,sp|Q8RA66|XERC_CALS4,62.783,309,115,0,10,318,43,351,4.78e-140,403.0,85.12396694214877
AMMPNBBG_00412,sp|A3DDD8|AROC_ACET2,100.0,394,0,0,1,394,1,394,0.0,802.0,92.48826291079813
AMMPNBBG_00420,sp|O32221|COPZ_BACSU,52.381,63,30,0,7,69,5,67,3.18e-17,71.2,90.0
AMMPNBBG_00423,sp|P54822|PUR8_MOUSE,59.259,459,187,0,4,462,12,470,0.0,583.0,95.42619542619542
AMMPNBBG_00427,sp|P26224|GUNF_ACET2,58.999,739,288,6,1,727,1,736,0.0,877.0,100.0
AMMPNBBG_00432,sp|A3DDF6|POTA_ACET2,100.0,352,0,0,1,352,1,352,0.0,719.0,95.65217391304348
AMMPNBBG_00437,sp|P23034|AAT_BACY2,51.786,392,185,1,2,393,4,391,6.1e-150,432.0,90.11494252873563
AMMPNBBG_00440,sp|A3DDG4|Y758_ACET2,100.0,130,0,0,1,130,1,130,1.3799999999999999e-89,258.0,96.29629629629629
AMMPNBBG_00443,sp|A3DDG7|RNH2_ACET2,100.0,256,0,0,6,261,1,256,0.0,512.0,95.52238805970148
AMMPNBBG_00445,sp|D5DJL5|RBGA_PRIM3,51.557,289,138,2,1,288,1,288,1.4e-103,306.0,90.3125
AMMPNBBG_00447,sp|A3DDH1|RL19_ACET2,99.123,114,1,0,1,114,1,114,1.15e-75,222.0,95.0
AMMPNBBG_00448,sp|B8I7T5|TRMD_RUMCH,71.366,227,65,0,2,228,1,227,1.25e-109,318.0,85.66037735849056
AMMPNBBG_00449,sp|A3DDH3|RIMM_ACET2,100.0,174,0,0,1,174,1,174,3.7400000000000004e-124,349.0,83.25358851674642
AMMPNBBG_00450,sp|Q97I96|KHPA_CLOAB,78.667,75,16,0,1,75,1,75,5.5500000000000004e-36,119.0,98.68421052631578
AMMPNBBG_00451,sp|A3DDH5|RS16_ACET2,100.0,81,0,0,1,81,1,81,2.3099999999999997e-54,165.0,95.29411764705881
AMMPNBBG_00452,sp|P37105|SRP54_BACSU,67.857,448,139,3,1,446,1,445,0.0,598.0,95.52238805970148
AMMPNBBG_00453,sp|A3DDH7|Y771_ACET2,100.0,117,0,0,1,117,1,117,5.1700000000000007e-79,230.0,100.0
AMMPNBBG_00455,sp|A3DDH9|LEXA_ACET2,100.0,213,0,0,1,213,1,213,9.2e-155,430.0,84.86055776892431
AMMPNBBG_00456,sp|B8I2Q2|HFQ_RUMCH,79.487,78,16,0,4,81,3,80,8.16e-42,134.0,95.1219512195122
AMMPNBBG_00457,sp|A3DDI1|MIAA_ACET2,99.681,313,1,0,1,313,1,313,0.0,630.0,96.60493827160494
AMMPNBBG_00459,sp|A3DDI3|MUTS_ACET2,100.0,870,0,0,1,870,1,870,0.0,1783.0,91.09947643979058
AMMPNBBG_00466,sp|A3DDI9|MIAB_ACET2,100.0,480,0,0,1,480,1,480,0.0,996.0,97.75967413441956
AMMPNBBG_00469,sp|A3DDJ2|AROB_ACET2,99.722,360,1,0,1,360,1,360,0.0,732.0,94.73684210526315
AMMPNBBG_00470,sp|B0K2W1|SYI_THEPX,65.584,924,316,2,4,927,2,923,0.0,1290.0,92.49249249249249
AMMPNBBG_00474,sp|A3DDJ7|SEPF_ACET2,100.0,155,0,0,1,155,1,155,1.6800000000000002e-110,313.0,89.08045977011494
AMMPNBBG_00475,sp|O66631|PLPHP_AQUAE,51.351,222,106,1,12,233,7,226,1.29e-68,213.0,88.8
AMMPNBBG_00477,sp|P94479|YNBB_BACSU,54.95,404,181,1,26,428,18,421,1.9099999999999999e-165,474.0,100.0
AMMPNBBG_00479,sp|P10477|CELE_ACET2,99.877,814,1,0,1,814,1,814,0.0,1680.0,100.0
AMMPNBBG_00480,sp|P15329|GUNX_ACETH,99.492,197,1,0,1,197,28,224,6.22e-140,392.0,100.0
AMMPNBBG_00484,sp|O27818|RMLC_METTH,51.397,179,86,1,1,178,1,179,4.94e-66,203.0,99.44444444444444
AMMPNBBG_00489,sp|P39858|CAPI_STAAU,51.585,347,142,5,11,346,3,334,3.39e-120,353.0,88.7468030690537
AMMPNBBG_00498,sp|O54068|UDG_RHIME,50.794,441,205,5,4,440,2,434,3.04e-158,457.0,93.82978723404256
AMMPNBBG_00502,sp|A3DF51|RS21_ACET2,100.0,58,0,0,1,58,1,58,1.04e-33,112.0,98.30508474576271
AMMPNBBG_00505,sp|A3DF48|APT_ACET2,99.415,171,1,0,1,171,1,171,2.55e-119,337.0,97.71428571428571
AMMPNBBG_00506,sp|O54408|RELA_BACSU,53.601,722,327,3,7,721,11,731,0.0,822.0,91.97452229299363
AMMPNBBG_00507,sp|A3DF46|DTD_ACET2,100.0,149,0,0,1,149,1,149,3.94e-106,301.0,94.30379746835443
AMMPNBBG_00519,sp|A3DF35|SYH_ACET2,100.0,417,0,0,1,417,1,417,0.0,859.0,94.34389140271493
AMMPNBBG_00520,sp|B8I3F1|SYD_RUMCH,75.338,592,143,3,1,591,1,590,0.0,947.0,98.17578772802653
AMMPNBBG_00526,sp|A3DF29|LEPA_ACET2,100.0,603,0,0,1,603,1,603,0.0,1227.0,98.85245901639344
AMMPNBBG_00528,sp|A3DF27|HRCA_ACET2,100.0,351,0,0,1,351,1,351,0.0,711.0,91.64490861618799
AMMPNBBG_00530,sp|A3DF25|DNAK_ACET2,100.0,608,0,0,1,608,1,608,0.0,1222.0,93.68258859784284
AMMPNBBG_00531,sp|A3DF24|DNAJ_ACET2,100.0,386,0,0,1,386,1,386,0.0,784.0,95.54455445544554
AMMPNBBG_00532,sp|A3DF23|PRMA_ACET2,100.0,313,0,0,1,313,1,313,0.0,630.0,93.7125748502994
AMMPNBBG_00534,sp|Q56312|CHEY_THEMA,57.759,116,48,1,7,122,6,120,7.630000000000001e-43,139.0,87.21804511278195
AMMPNBBG_00536,sp|Q182S9|YICC_CLOD6,52.542,295,137,2,1,294,1,293,1.17e-92,279.0,100.0
AMMPNBBG_00537,sp|A3DF19|Y1316_ACET2,100.0,93,0,0,1,93,1,93,1.47e-61,184.0,98.93617021276596
AMMPNBBG_00538,sp|Q24TX4|KGUA_DESHY,52.632,190,87,2,4,192,5,192,7.550000000000001e-72,219.0,91.78743961352657
AMMPNBBG_00539,sp|B8I2Z7|RPOZ_RUMCH,73.529,68,18,0,11,78,1,68,4.4100000000000005e-31,106.0,88.31168831168831
AMMPNBBG_00541,sp|A3DF15|SYG_ACET2,100.0,462,0,0,1,462,1,462,0.0,961.0,81.76991150442477
AMMPNBBG_00546,sp|P22983|PPDK_CLOSY,68.366,863,269,4,1,861,1,861,0.0,1243.0,90.17763845350052
AMMPNBBG_00553,sp|Q45493|RNJ1_BACSU,53.442,552,256,1,4,555,5,555,0.0,630.0,96.33507853403141
AMMPNBBG_00554,sp|A3DF04|TMCAL_ACET2,99.518,415,2,0,1,415,1,415,0.0,846.0,95.40229885057471
AMMPNBBG_00558,sp|A3DF00|COBT_ACET2,100.0,351,0,0,1,351,1,351,0.0,707.0,96.96132596685084
AMMPNBBG_00564,sp|Q74C57|APGM_GEOSL,52.25,400,188,2,1,400,1,397,6.62e-157,451.0,94.7867298578199
AMMPNBBG_00568,sp|P94413|YCLJ_BACSU,51.556,225,104,3,6,226,2,225,2.06e-76,233.0,91.83673469387756
AMMPNBBG_00572,sp|B1I4F5|GLGA_DESAP,56.173,486,206,2,7,486,6,490,0.0,588.0,88.52459016393442
AMMPNBBG_00573,sp|P73715|END3_SYNY3,52.857,210,98,1,1,209,8,217,3.5e-79,239.0,93.75
AMMPNBBG_00577,sp|A3DEY2|RL28_ACET2,100.0,62,0,0,1,62,1,62,9.83e-39,124.0,95.38461538461539
AMMPNBBG_00580,sp|A3DEX9|COAD_ACET2,100.0,159,0,0,1,159,1,159,4.66e-114,322.0,96.36363636363636
AMMPNBBG_00583,sp|A3DEX6|RSGI5_ACET2,100.0,481,0,0,1,481,1,481,0.0,972.0,100.0
AMMPNBBG_00584,sp|A3DEX5|SIGI5_ACET2,100.0,245,0,0,1,245,1,245,2.0899999999999998e-176,487.0,100.0
AMMPNBBG_00591,sp|P18159|PGCA_BACSU,53.229,573,264,2,7,577,7,577,0.0,639.0,96.62731871838112
AMMPNBBG_00593,sp|C5D3E7|MTRB_GEOSW,76.471,68,16,0,8,75,3,70,1.18e-31,108.0,100.0
AMMPNBBG_00595,sp|A6TVD3|PFKA_ALKMQ,57.944,321,133,2,4,324,1,319,1.99e-136,392.0,88.67403314917127
AMMPNBBG_00600,sp|P14002|BGLB_ACET2,100.0,755,0,0,1,755,1,755,0.0,1555.0,98.82198952879581
AMMPNBBG_00607,sp|Q9UY68|PURE_PYRAB,62.264,159,60,0,10,168,7,165,8.829999999999999e-69,209.0,92.98245614035088
AMMPNBBG_00608,sp|O29388|PUR1_ARCFU,54.324,451,203,2,31,479,2,451,2.54e-178,511.0,87.06563706563706
AMMPNBBG_00609,sp|A3DEV1|PUR5_ACET2,100.0,340,0,0,1,340,1,340,0.0,681.0,95.50561797752809
AMMPNBBG_00611,sp|A3DEU9|PUR9_ACET2,99.805,514,1,0,1,514,1,514,0.0,1048.0,94.13919413919413
AMMPNBBG_00612,sp|Q9KF52|PUR2_HALH5,50.358,419,204,2,1,419,1,415,3.9600000000000004e-148,430.0,88.58350951374207
AMMPNBBG_00615,sp|A3DEU4|NADD_ACET2,100.0,206,0,0,1,206,1,206,4.49e-151,420.0,84.42622950819673
AMMPNBBG_00619,sp|A3DEU0|SYL_ACET2,100.0,825,0,0,1,825,1,825,0.0,1707.0,89.96728462377317
AMMPNBBG_00633,sp|A3DGG0|URE3_ACET2,100.0,100,0,0,1,100,1,100,5.929999999999999e-69,204.0,100.0
AMMPNBBG_00634,sp|A3DGF9|URE2_ACET2,100.0,122,0,0,1,122,1,122,2.1800000000000002e-86,249.0,96.06299212598425
AMMPNBBG_00635,sp|A3DGF8|URE1_ACET2,99.825,572,1,0,1,572,1,572,0.0,1172.0,95.33333333333334
AMMPNBBG_00636,sp|A3DGF7|UREE_ACET2,100.0,33,0,0,1,33,1,33,4.33e-16,69.3,100.0
AMMPNBBG_00637,sp|A3DGF7|UREE_ACET2,97.6,125,3,0,2,126,29,153,8.6e-89,257.0,96.15384615384616
AMMPNBBG_00639,sp|B6JPH1|UREG_HELP2,79.695,197,40,0,4,200,2,198,1.86e-115,329.0,93.80952380952381
AMMPNBBG_00640,sp|A3DGF4|URED_ACET2,100.0,262,0,0,1,262,1,262,0.0,540.0,98.12734082397003
AMMPNBBG_00651,sp|Q74DN5|Y1281_GEOSL,64.113,248,89,0,1,248,1,248,1.4300000000000001e-117,339.0,92.88389513108615
AMMPNBBG_00654,sp|Q97FM3|REX_CLOAB,59.624,213,86,0,1,213,1,213,4.07e-91,269.0,98.15668202764977
AMMPNBBG_00657,sp|Q9WYH8|AROF_THEMA,53.293,334,156,0,1,334,1,334,6.54e-127,370.0,100.0
AMMPNBBG_00662,sp|Q8R7S0|MCSB_CALS4,52.727,330,154,2,11,339,5,333,1.55e-129,376.0,94.82758620689656
AMMPNBBG_00663,sp|P37571|CLPC_BACSU,65.093,805,277,2,1,805,2,802,0.0,1096.0,88.46153846153845
AMMPNBBG_00666,sp|Q9KGG1|RADA_HALH5,59.259,459,178,5,1,454,1,455,0.0,551.0,99.78260869565217
AMMPNBBG_00667,sp|A3DGC7|DISA_ACET2,99.722,360,1,0,1,360,1,360,0.0,713.0,100.0
AMMPNBBG_00669,sp|B8I815|RL13_RUMCH,75.524,143,35,0,3,145,2,144,6.19e-80,235.0,97.27891156462584
AMMPNBBG_00670,sp|A3DGC4|RS9_ACET2,100.0,130,0,0,1,130,1,130,6.339999999999999e-90,259.0,96.29629629629629
AMMPNBBG_00682,sp|Q97ET8|RUBY2_CLOAB,65.761,184,63,0,1,184,1,184,4.9499999999999996e-92,269.0,98.3957219251337
AMMPNBBG_00687,sp|Q8XHA6|PROB_CLOPE,67.159,271,87,1,6,276,1,269,1.61e-130,374.0,92.17687074829932
AMMPNBBG_00690,sp|O31711|YKNY_BACSU,62.385,218,82,0,2,219,1,218,1.3100000000000002e-97,287.0,85.15625
AMMPNBBG_00701,sp|Q891A0|Y2481_CLOTE,54.911,448,201,1,4,451,7,453,0.0,540.0,90.68825910931174
AMMPNBBG_00756,sp|O06980|YVCR_BACSU,51.383,253,119,3,1,252,1,250,1.16e-81,248.0,92.33576642335767
AMMPNBBG_00764,sp|P10478|XYNZ_ACET2,68.775,506,139,8,1,502,1,491,0.0,681.0,100.0
AMMPNBBG_00768,sp|Q8DLB8|GLGB_THEVB,57.124,751,295,6,4,730,2,749,0.0,900.0,97.91395045632333
AMMPNBBG_00771,sp|A0PX87|RS6_CLONN,59.574,94,37,1,3,95,2,95,3.95e-36,120.0,94.94949494949495
AMMPNBBG_00773,sp|A3DHF8|RS18_ACET2,100.0,94,0,0,1,94,1,94,7.46e-63,188.0,98.94736842105263
AMMPNBBG_00775,sp|Q05852|GTAB_BACSU,61.672,287,110,0,25,311,3,289,3.1400000000000002e-130,375.0,96.95945945945947
AMMPNBBG_00793,sp|Q03222|RHO_BACSU,65.289,363,123,2,283,644,54,414,2.39e-177,513.0,92.8388746803069
AMMPNBBG_00794,sp|B8I1M9|RL31_RUMCH,71.642,67,19,0,1,67,1,67,1.38e-32,109.0,81.70731707317073
AMMPNBBG_00802,sp|P23474|RUBR_ACESD,75.0,52,13,0,1,52,1,52,5.1e-25,89.7,100.0
AMMPNBBG_00810,sp|A3DHD2|CBDP_ACET2,99.301,286,2,0,1,286,1,286,0.0,558.0,100.0
AMMPNBBG_00824,sp|A3DHB8|Y2143_ACET2,100.0,113,0,0,1,113,1,113,5.57e-76,223.0,97.41379310344827
AMMPNBBG_00825,sp|A3DHB7|RECR_ACET2,100.0,199,0,0,1,199,1,199,5.28e-146,406.0,80.5668016194332
AMMPNBBG_00830,sp|Q82P90|IABF_STRAW,63.492,315,115,0,171,485,31,345,1.61e-148,439.0,86.0655737704918
AMMPNBBG_00846,sp|A3DH98|SIGI6_ACET2,100.0,253,0,0,1,253,1,253,0.0,508.0,100.0
AMMPNBBG_00847,sp|A3DH97|RSGI6_ACET2,100.0,760,0,0,1,760,1,760,0.0,1565.0,100.0
AMMPNBBG_00851,sp|Q46213|Y1503_CLOPE,70.526,95,28,0,1,95,1,95,7.78e-43,137.0,100.0
AMMPNBBG_00855,sp|Q9K619|BCEA_HALH5,50.0,248,122,1,4,251,3,248,6.4699999999999995e-84,254.0,92.88389513108615
AMMPNBBG_00862,sp|P37541|YAAT_BACSU,61.446,249,96,0,1,249,1,249,4.94e-111,325.0,100.0
AMMPNBBG_00863,sp|P07508|FER_ACETH,98.182,55,1,0,2,56,1,55,1.25e-30,103.0,91.66666666666666
AMMPNBBG_00865,sp|Q9KGL2|RSMI_HALH5,52.899,276,128,1,2,277,11,284,2.66e-99,295.0,95.83333333333334
AMMPNBBG_00866,sp|P08874|ABRB_BACSU,75.806,62,13,1,1,60,3,64,6.34e-24,89.4,100.0
AMMPNBBG_00869,sp|A3DBQ5|ENO_ACET2,100.0,433,0,0,1,433,1,433,0.0,882.0,96.22222222222221
AMMPNBBG_00871,sp|A3DBQ2|GPMI_ACET2,100.0,511,0,0,1,511,1,511,0.0,1055.0,94.9814126394052
AMMPNBBG_00872,sp|A3DBQ1|TPIS_ACET2,100.0,251,0,0,1,251,1,251,0.0,510.0,97.28682170542635
AMMPNBBG_00873,sp|Q8R965|PGK_CALS4,70.305,394,117,0,4,397,1,394,0.0,570.0,92.9245283018868
AMMPNBBG_00874,sp|P09317|G3P_MYCMD,77.477,333,75,0,3,335,4,336,0.0,532.0,92.5
AMMPNBBG_00884,sp|P32813|TRML_GEOSE,55.769,156,66,1,1,153,1,156,1.2799999999999999e-61,190.0,95.70552147239265
AMMPNBBG_00891,sp|P26764|RPSF_BACLI,56.79,243,102,1,5,247,13,252,1.2e-92,276.0,95.29411764705881
AMMPNBBG_00892,sp|A5N217|SP2AB_CLOK5,61.594,138,53,0,5,142,4,141,1.2499999999999999e-55,174.0,90.19607843137256
AMMPNBBG_00894,sp|O06976|CRH_BACSU,58.442,77,32,0,1,77,1,77,2.5499999999999998e-24,90.5,86.51685393258427
AMMPNBBG_00895,sp|A3DBM8|WHIA_ACET2,99.682,314,1,0,4,317,1,314,0.0,633.0,96.61538461538461
AMMPNBBG_00898,sp|A3DBM5|Y113_ACET2,100.0,291,0,0,1,291,1,291,0.0,585.0,95.40983606557377
AMMPNBBG_00899,sp|A3DBM4|MURB_ACET2,99.671,304,1,0,1,304,2,305,0.0,617.0,83.97790055248619
AMMPNBBG_00900,sp|A3DBM3|Y111_ACET2,100.0,241,0,0,1,241,1,241,0.0,498.0,100.0
AMMPNBBG_00901,sp|A4XIQ4|HPRK_CALS8,59.136,301,121,1,7,307,2,300,1.1200000000000001e-122,357.0,94.95268138801262
AMMPNBBG_00906,sp|A3DBL9|RISB_ACET2,100.0,155,0,0,1,155,1,155,1.28e-109,311.0,96.875
AMMPNBBG_00907,sp|A0Q3H7|RIBBA_CLONN,67.16,405,132,1,1,405,4,407,0.0,566.0,96.42857142857143
AMMPNBBG_00910,sp|O05243|YUGU_BACSU,55.385,130,57,1,1,129,1,130,7.269999999999999e-52,163.0,97.01492537313433
AMMPNBBG_00911,sp|A3DBL4|TRMB_ACET2,100.0,218,0,0,1,218,1,218,1.23e-164,455.0,98.1981981981982
AMMPNBBG_00918,sp|A4XKM4|MGSA_CALS8,66.154,130,43,1,1,129,1,130,7.17e-62,189.0,95.58823529411765
AMMPNBBG_00919,sp|A3DBK6|MINE_ACET2,100.0,94,0,0,1,94,1,94,1.52e-62,187.0,98.94736842105263
AMMPNBBG_00920,sp|Q01464|MIND_BACSU,64.045,267,93,3,1,264,1,267,1.1700000000000001e-121,350.0,97.0909090909091
AMMPNBBG_00921,sp|A3DBK4|MINC_ACET2,99.119,227,2,0,1,227,1,227,1.07e-165,459.0,81.07142857142857
AMMPNBBG_00925,sp|Q01465|MREB_BACSU,68.373,332,103,2,1,330,2,333,3.62e-161,456.0,81.37254901960785
AMMPNBBG_00926,sp|A3DBJ9|NTPPA_ACET2,100.0,200,0,0,1,200,1,200,4.45e-144,402.0,90.9090909090909
AMMPNBBG_00931,sp|A4XJL4|LON_CALS8,63.766,770,276,2,8,776,5,772,0.0,1032.0,89.22363847045192
AMMPNBBG_00932,sp|Q8R7B9|ARGJ_CALS4,53.465,404,183,2,2,401,1,403,5.14e-143,415.0,83.64389233954451
AMMPNBBG_00942,sp|P22534|GUNA_CALSA,60.51,628,239,7,59,682,1117,1739,0.0,785.0,88.57545839210155
AMMPNBBG_00943,sp|A3DBI2|SYN_ACET2,100.0,464,0,0,1,464,1,464,0.0,961.0,86.56716417910447
AMMPNBBG_00944,sp|B8I6R1|ASNA_RUMCH,72.321,336,93,0,5,340,1,336,0.0,531.0,98.24561403508771
AMMPNBBG_00946,sp|Q899G3|NPD_CLOTE,68.776,237,74,0,5,241,6,242,1e-121,349.0,81.44329896907216
AMMPNBBG_00954,sp|A3DBH1|RSGI1_ACET2,100.0,486,0,0,1,486,1,486,0.0,1004.0,90.0
AMMPNBBG_00955,sp|A3DBH0|SIGI1_ACET2,100.0,251,0,0,1,251,1,251,0.0,507.0,100.0
AMMPNBBG_00973,sp|Q02934|GUNI_ACET2,99.775,887,2,0,1,887,1,887,0.0,1833.0,100.0
AMMPNBBG_00974,sp|Q02929|CPS_ACET2,99.048,105,1,0,1,105,453,557,6.37e-67,213.0,100.0
AMMPNBBG_00976,sp|A3DE59|RS2_ACET2,100.0,252,0,0,1,252,1,252,0.0,513.0,96.55172413793103
AMMPNBBG_00977,sp|O07631|BIPA_BACSU,60.134,597,237,1,8,603,3,599,0.0,754.0,98.67768595041322
AMMPNBBG_00984,sp|A3DE67|MUTS2_ACET2,99.748,793,2,0,1,793,1,793,0.0,1598.0,93.84615384615384
AMMPNBBG_00991,sp|P35149|SP4A_BACSU,56.301,492,215,0,1,492,1,492,0.0,598.0,100.0
AMMPNBBG_00992,sp|Q24VA4|GPDA_DESHY,56.193,331,144,1,4,334,3,332,1.08e-135,392.0,93.2394366197183
AMMPNBBG_00994,sp|A3DE77|DER_ACET2,100.0,440,0,0,1,440,1,440,0.0,896.0,91.28630705394191
AMMPNBBG_00996,sp|A3DE79|RL32_ACET2,100.0,66,0,0,1,66,1,66,7.69e-43,135.0,98.50746268656717
AMMPNBBG_00998,sp|O52594|ACKA_ACET2,100.0,399,0,0,1,399,1,399,0.0,818.0,88.8641425389755
AMMPNBBG_00999,sp|O52593|PTAS_ACET2,99.398,332,2,0,27,358,1,332,0.0,663.0,96.7930029154519
AMMPNBBG_01001,sp|B9MQ85|GATB_CALBD,71.458,480,134,1,1,477,1,480,0.0,729.0,96.96969696969697
AMMPNBBG_01002,sp|B0K3S3|GATA_THEPX,63.58,486,175,2,1,486,1,484,0.0,615.0,95.10763209393346
AMMPNBBG_01003,sp|A3DE86|GATC_ACET2,100.0,95,0,0,1,95,1,95,6.88e-63,188.0,91.34615384615384
AMMPNBBG_01006,sp|A3DE88|DNLJ_ACET2,100.0,663,0,0,1,663,1,663,0.0,1343.0,87.00787401574803
AMMPNBBG_01009,sp|P59406|GPR_CLOTE,56.923,325,136,2,4,328,2,322,6.42e-135,389.0,88.79781420765028
AMMPNBBG_01010,sp|B8I3I4|RS20_RUMCH,67.059,85,27,1,1,85,1,84,2.3e-30,105.0,87.62886597938144
AMMPNBBG_01015,sp|A3DE94|MURD_ACET2,99.785,466,1,0,1,466,1,466,0.0,947.0,87.4296435272045
AMMPNBBG_01025,sp|Q8RA55|RECA_CALS4,78.419,329,71,0,1,329,2,330,0.0,549.0,90.88397790055248
AMMPNBBG_01027,sp|A3DEA5|CINA_ACET2,99.758,413,1,0,1,413,1,413,0.0,835.0,95.16129032258065
AMMPNBBG_01028,sp|Q8KQC4|LDH_ACET2,100.0,317,0,0,1,317,1,317,0.0,642.0,95.77039274924472
AMMPNBBG_01029,sp|P94474|YEAC_BACSU,55.263,304,136,0,7,310,10,313,6.8e-116,340.0,93.25153374233128
AMMPNBBG_01033,sp|A3DEB1|GLYA_ACET2,100.0,412,0,0,1,412,1,412,0.0,849.0,96.03729603729604
AMMPNBBG_01038,sp|A3DEB6|THII_ACET2,99.745,392,1,0,1,392,1,392,0.0,797.0,96.79012345679013
AMMPNBBG_01041,sp|A3DEB9|RECO_ACET2,100.0,251,0,0,1,251,1,251,0.0,517.0,97.66536964980544
AMMPNBBG_01043,sp|B8I736|ERA_RUMCH,65.541,296,100,2,1,296,1,294,9.66e-143,406.0,91.64086687306502
AMMPNBBG_01044,sp|Q9KD53|CDD_HALH5,50.4,125,62,0,1,125,1,125,5.85e-39,130.0,94.6969696969697
AMMPNBBG_01045,sp|A3DEC2|YBEY_ACET2,100.0,162,0,0,1,162,1,162,1.0599999999999999e-114,324.0,92.57142857142857
AMMPNBBG_01047,sp|P46343|PHOL_BACSU,52.063,315,151,0,2,316,3,317,1.57e-116,342.0,96.3302752293578
AMMPNBBG_01065,sp|P45693|SP5S_BACSU,77.907,86,19,0,1,86,1,86,7.97e-45,142.0,100.0
AMMPNBBG_01066,sp|O31775|YMDB_BACSU,53.15,254,119,0,1,254,1,254,4.01e-97,288.0,94.77611940298507
AMMPNBBG_01067,sp|A3DEE4|RNY_ACET2,99.809,524,1,0,1,524,1,524,0.0,1028.0,95.97069597069597
AMMPNBBG_01069,sp|A3DEE6|FOLD_ACET2,100.0,285,0,0,1,285,1,285,0.0,568.0,94.37086092715232
AMMPNBBG_01070,sp|C3KYN9|Y249_CLOB6,66.063,607,191,1,1,607,4,595,0.0,853.0,88.09869375907112
AMMPNBBG_01071,sp|Q895I8|FTSK_CLOTE,51.98,783,314,13,24,799,15,742,0.0,678.0,93.6602870813397
AMMPNBBG_01073,sp|Q9KA93|TEPA_HALH5,68.692,214,66,1,27,239,33,246,7.93e-108,315.0,90.67796610169492
AMMPNBBG_01082,sp|P24559|PILT_PSEAE,52.239,335,159,1,1,335,1,334,2.2500000000000002e-117,346.0,95.98853868194843
AMMPNBBG_01113,sp|Q8U0Z8|MBHJ_PYRFU,55.469,128,57,0,3,130,20,147,2.24e-49,159.0,84.76821192052981
AMMPNBBG_01123,sp|Q45070|XYNC_BACSU,68.421,418,129,2,3,419,4,419,0.0,603.0,99.2874109263658
AMMPNBBG_01127,sp|O35023|SODF_BACSU,51.031,194,94,1,11,204,78,270,2.53e-67,211.0,85.46255506607929
AMMPNBBG_01138,sp|Q9M8R4|DJ1D_ARATH,58.333,192,79,1,2,192,197,388,1.7400000000000002e-77,239.0,96.96969696969697
AMMPNBBG_01144,sp|Q65ID1|MSRA_BACLD,61.765,170,65,0,12,181,6,175,2.0000000000000002e-77,232.0,85.0
AMMPNBBG_01160,sp|A3DJP3|SIGI8_ACET2,100.0,254,0,0,1,254,1,254,0.0,507.0,100.0
AMMPNBBG_01161,sp|A3DJP2|RSGI8_ACET2,98.015,403,8,0,2,404,1,403,0.0,763.0,100.0
AMMPNBBG_01162,sp|A3DJP1|SFSA_ACET2,99.571,233,1,0,1,233,1,233,3.3700000000000004e-169,468.0,90.6614785992218
AMMPNBBG_01172,sp|P24136|OPPD_BACSU,57.68,319,131,3,5,321,7,323,4.0900000000000006e-124,363.0,90.36827195467421
AMMPNBBG_01173,sp|P42065|APPF_BACSU,56.881,327,137,3,15,338,2,327,3.82e-136,393.0,89.34426229508196
AMMPNBBG_01178,sp|A3DHH6|GCH1_ACET2,100.0,187,0,0,1,187,1,187,3.4499999999999996e-134,375.0,96.89119170984456
AMMPNBBG_01184,sp|Q97EE2|LEU3_CLOAB,65.374,361,121,2,1,361,1,357,9.31e-168,475.0,88.6977886977887
AMMPNBBG_01185,sp|B8I4G1|LEUD_RUMCH,78.395,162,35,0,1,162,1,162,2.35e-92,268.0,83.93782383419689
AMMPNBBG_01186,sp|A3DHI4|LEUC_ACET2,100.0,419,0,0,1,419,1,419,0.0,860.0,87.29166666666667
AMMPNBBG_01188,sp|A3DHI6|Y2213_ACET2,100.0,205,0,0,1,205,1,205,6.14e-148,412.0,100.0
AMMPNBBG_01197,sp|Q58466|Y1066_METJA,50.0,382,190,1,7,387,4,385,7.71e-138,401.0,93.39853300733496
AMMPNBBG_01208,sp|Q58461|Y1061_METJA,55.67,291,128,1,1,291,8,297,2.24e-107,319.0,84.8396501457726
AMMPNBBG_01212,sp|Q05203|FLA_HALH5,61.993,271,103,0,1,271,1,271,2.41e-111,325.0,80.8955223880597
AMMPNBBG_01213,sp|Q05203|FLA_HALH5,60.145,276,101,3,1,272,1,271,3.9300000000000003e-107,314.0,82.38805970149254
AMMPNBBG_01215,sp|A3DHL2|CSRA_ACET2,98.667,75,1,0,1,75,1,75,4.32e-46,144.0,96.15384615384616
AMMPNBBG_01216,sp|A3DHL3|FLIW_ACET2,100.0,159,0,0,1,159,1,159,4.62e-113,320.0,100.0
AMMPNBBG_01227,sp|A3DHM4|METK_ACET2,100.0,397,0,0,1,397,1,397,0.0,813.0,94.74940334128878
AMMPNBBG_01229,sp|B8I4B9|FTSH_RUMCH,69.787,609,171,5,1,599,1,606,0.0,836.0,97.44
AMMPNBBG_01231,sp|Q9X4C9|DNAB_GEOSE,57.569,436,184,1,8,442,8,443,0.0,520.0,92.17758985200845
AMMPNBBG_01232,sp|A3DHN0|RL9_ACET2,100.0,148,0,0,1,148,1,148,1.6e-101,290.0,93.67088607594937
AMMPNBBG_01239,sp|A3DHN7|VATE_ACET2,100.0,198,0,0,1,198,1,198,5.16e-133,374.0,96.11650485436894
AMMPNBBG_01241,sp|B2TP92|VATF_CLOBB,55.0,100,45,0,3,102,4,103,9.67e-35,117.0,95.23809523809523
AMMPNBBG_01242,sp|A3DHP0|VATA_ACET2,99.83,589,1,0,8,596,1,589,0.0,1202.0,96.39934533551555
AMMPNBBG_01243,sp|A3DHP1|VATB_ACET2,100.0,460,0,0,1,460,1,460,0.0,931.0,98.08102345415777
AMMPNBBG_01244,sp|A3DHP2|VATD_ACET2,99.55,222,1,0,1,222,1,222,1.1100000000000001e-160,446.0,100.0
AMMPNBBG_01256,sp|P27675|GLNQ_GEOSE,52.555,274,96,2,1,274,1,240,2.8699999999999998e-95,283.0,95.13888888888889
AMMPNBBG_01271,sp|O52682|HYDB_THEMA,51.033,629,294,5,1,621,1,623,0.0,631.0,100.0
AMMPNBBG_01277,sp|P0A9Q7|ADHE_ECOLI,62.92,863,315,3,11,869,3,864,0.0,1117.0,99.19540229885058
AMMPNBBG_01279,sp|Q04810|DPAB_BACSU,53.403,191,89,0,3,193,4,194,3.3999999999999998e-68,209.0,100.0
AMMPNBBG_01281,sp|Q04805|YMXG_BACSU,51.385,397,191,2,1,397,1,395,7.87e-138,403.0,87.83185840707965
AMMPNBBG_01282,sp|A3DCH7|PNP_ACET2,99.857,700,1,0,1,700,1,700,0.0,1398.0,97.62900976290098
AMMPNBBG_01283,sp|A3DCH6|RS15_ACET2,100.0,87,0,0,1,87,1,87,7.170000000000001e-58,175.0,97.75280898876404
AMMPNBBG_01286,sp|Q45538|COTJC_BACSU,60.0,190,75,1,1,190,1,189,6.379999999999999e-82,244.0,92.23300970873787
AMMPNBBG_01287,sp|P0C2S1|CELK_ACETH,87.946,813,98,0,1,813,1,813,0.0,1510.0,95.87264150943396
AMMPNBBG_01288,sp|A3DCH1|CELK_ACET2,99.106,895,8,0,1,895,1,895,0.0,1847.0,100.0
AMMPNBBG_01290,sp|A3DCG9|Y410_ACET2,100.0,452,0,0,1,452,1,452,0.0,903.0,98.0477223427332
AMMPNBBG_01291,sp|Q97LS6|Y478_CLOAB,59.551,89,36,0,1,89,1,89,6.19e-33,112.0,100.0
AMMPNBBG_01295,sp|Q05332|GUNG_ACET2,53.954,569,204,14,1,523,1,557,0.0,565.0,100.0
AMMPNBBG_01297,sp|A3DCG2|SIGI4_ACET2,100.0,274,0,0,1,274,1,274,0.0,549.0,100.0
AMMPNBBG_01302,sp|A3DCF7|Y398_ACET2,100.0,106,0,0,1,106,1,106,7.29e-70,206.0,98.14814814814815
AMMPNBBG_01315,sp|Q58903|Y1508_METJA,51.584,221,103,2,5,223,1,219,5.61e-71,219.0,88.4
AMMPNBBG_01325,sp|A3DCD4|GUAA_ACET2,99.804,511,1,0,1,511,1,511,0.0,1046.0,93.76146788990826
AMMPNBBG_01326,sp|Q8RQP4|DHE4_COREF,67.58,438,137,4,9,444,12,446,0.0,599.0,95.21739130434783
AMMPNBBG_01327,sp|Q8U194|SUDHB_PYRFU,58.889,270,111,0,1,270,1,270,6.62e-112,327.0,98.18181818181819
AMMPNBBG_01328,sp|Q8U195|SUDHA_PYRFU,56.067,478,192,7,1,464,1,474,0.0,518.0,97.55102040816327
AMMPNBBG_01337,sp|Q58903|Y1508_METJA,50.0,206,102,1,2,207,14,218,1.06e-64,202.0,90.35087719298247
AMMPNBBG_01338,sp|Q81GI3|FABI_BACCR,55.512,254,107,2,4,251,3,256,8.59e-98,289.0,88.50174216027874
AMMPNBBG_01341,sp|A3DK82|GLGC_ACET2,99.765,426,1,0,1,426,1,426,0.0,869.0,88.38174273858921
AMMPNBBG_01346,sp|O32068|YTZG_BACSU,50.673,223,109,1,6,227,2,224,1.27e-73,226.0,90.2834008097166
AMMPNBBG_01350,sp|A5N6T4|CIRSY_CLOK5,60.762,446,175,0,11,456,1,446,0.0,606.0,100.0
AMMPNBBG_01355,sp|A3DK68|COBS_ACET2,100.0,248,0,0,1,248,1,248,1.4000000000000001e-173,480.0,85.81314878892734
AMMPNBBG_01366,sp|P42304|YXIM_BACSU,67.655,371,119,1,8,378,5,374,0.0,535.0,100.0
AMMPNBBG_01386,sp|P19543|NIFJ_ENTAG,62.095,1174,433,7,3,1170,4,1171,0.0,1533.0,93.92
AMMPNBBG_01399,sp|A3DDQ3|EFP_ACET2,100.0,185,0,0,1,185,1,185,1.61e-133,374.0,98.93048128342245
AMMPNBBG_01401,sp|B9MKD4|AROQ_CALBD,71.223,139,39,1,1,138,1,139,6.38e-67,202.0,85.80246913580247
AMMPNBBG_01408,sp|P39576|ILVE2_BACSU,66.382,351,118,0,5,355,6,356,8.920000000000001e-179,503.0,94.60916442048517
AMMPNBBG_01410,sp|A3DDR3|FLOA_ACET2,99.696,329,1,0,1,329,1,329,0.0,651.0,96.19883040935673
AMMPNBBG_01412,sp|Q97FZ9|RUBY1_CLOAB,64.045,178,60,2,1,177,1,175,3.41e-71,219.0,99.4413407821229
AMMPNBBG_01415,sp|Q54WR9|GLNA3_DICDI,50.071,709,332,8,11,703,31,733,0.0,702.0,100.0
AMMPNBBG_01418,sp|O26800|VORB_METTH,50.872,344,167,2,6,349,5,346,2.5e-120,354.0,86.0
AMMPNBBG_01424,sp|A3DDS6|TRPF_ACET2,100.0,218,0,0,1,218,1,218,1.45e-158,440.0,85.15625
AMMPNBBG_01425,sp|A3DDS7|TRPC_ACET2,100.0,260,0,0,1,260,1,260,0.0,519.0,95.23809523809523
AMMPNBBG_01426,sp|A3DDS8|TRPD_ACET2,100.0,345,0,0,1,345,1,345,0.0,698.0,98.29059829059828
AMMPNBBG_01428,sp|P14953|TRPE_ACETH,100.0,494,0,0,1,494,1,494,0.0,1014.0,92.33644859813084
AMMPNBBG_01430,sp|P37518|YCHF_BACSU,65.385,364,126,0,1,364,3,366,9.74e-174,490.0,95.78947368421052
AMMPNBBG_01432,sp|Q9WYH8|AROF_THEMA,51.335,337,164,0,1,337,1,337,2.9100000000000003e-121,355.0,100.0
AMMPNBBG_01437,sp|Q8RBE5|COAE_CALS4,51.269,197,93,1,1,194,1,197,3.74e-56,179.0,93.36492890995261
AMMPNBBG_01450,sp|P33656|SIGA_CLOAB,82.353,357,59,1,2,358,26,378,0.0,545.0,96.7479674796748
AMMPNBBG_01456,sp|A3DDV5|PAND_ACET2,100.0,126,0,0,1,126,1,126,1.61e-88,255.0,100.0
AMMPNBBG_01457,sp|A3DDV6|PANC_ACET2,100.0,281,0,0,1,281,1,281,0.0,572.0,86.1963190184049
AMMPNBBG_01458,sp|A3DDV7|PANB_ACET2,100.0,283,0,0,1,283,1,283,0.0,576.0,96.91780821917808
AMMPNBBG_01463,sp|Q45480|YLYB_BACSU,56.066,305,129,4,1,303,1,302,1.8e-119,348.0,82.88043478260869
AMMPNBBG_01464,sp|A3DDW4|LSPA_ACET2,100.0,151,0,0,1,151,1,151,1.7100000000000001e-105,300.0,86.7816091954023
AMMPNBBG_01467,sp|P51584|XYNY_ACETH,99.814,1077,2,0,1,1077,1,1077,0.0,2235.0,100.0
AMMPNBBG_01472,sp|Q8XMP3|SYQ_CLOPE,64.899,547,187,5,23,569,8,549,0.0,738.0,90.86378737541528
AMMPNBBG_01473,sp|A3DD66|ENG1_ACET2,53.125,64,21,2,1949,2006,708,768,2.78e-06,56.2,81.0126582278481
AMMPNBBG_01475,sp|O32231|RNR_BACSU,51.565,735,347,6,6,734,8,739,0.0,768.0,96.07843137254902
AMMPNBBG_01479,sp|A3DBR3|REOM_ACET2,100.0,90,0,0,1,90,1,90,7.809999999999999e-61,182.0,100.0
AMMPNBBG_01481,sp|A3DBR5|YQGF_ACET2,100.0,141,0,0,1,141,1,141,5.58e-98,280.0,92.15686274509804
AMMPNBBG_01482,sp|A4XJV6|Y1599_CALS8,54.118,85,38,1,6,90,6,89,4.33e-18,75.5,95.50561797752809
AMMPNBBG_01487,sp|A3DBS2|RL21_ACET2,100.0,103,0,0,1,103,1,103,1.02e-70,208.0,98.09523809523809
AMMPNBBG_01489,sp|A3DBS4|RL27_ACET2,100.0,92,0,0,1,92,1,92,4.1599999999999996e-60,181.0,97.87234042553192
AMMPNBBG_01490,sp|A3DBS5|OBG_ACET2,100.0,424,0,0,1,424,1,424,0.0,861.0,94.01330376940133
AMMPNBBG_01491,sp|P54454|YQEI_BACSU,62.5,96,36,0,1,96,1,96,2.5e-36,121.0,100.0
AMMPNBBG_01504,sp|A3DBU0|ARLY_ACET2,100.0,458,0,0,1,458,1,458,0.0,945.0,96.82875264270614
AMMPNBBG_01505,sp|A3DBU1|ASSY_ACET2,100.0,405,0,0,1,405,1,405,0.0,824.0,97.82608695652173
AMMPNBBG_01506,sp|A3DBU2|RUVC_ACET2,100.0,162,0,0,1,162,1,162,1.65e-116,329.0,97.59036144578313
AMMPNBBG_01507,sp|A3DBU3|RUVA_ACET2,100.0,202,0,0,1,202,1,202,9.370000000000001e-144,401.0,88.98678414096916
AMMPNBBG_01508,sp|A3DBU4|RUVB_ACET2,100.0,330,0,0,1,330,1,330,0.0,654.0,99.3975903614458
AMMPNBBG_01512,sp|Q9KDV3|GALE_HALH5,62.691,327,122,0,26,352,1,327,1.18e-153,438.0,86.05263157894737
AMMPNBBG_01514,sp|B9MQJ8|RNPH_CALBD,70.155,258,77,0,2,259,1,258,2.2699999999999997e-131,375.0,98.09885931558935
AMMPNBBG_01524,sp|Q05650|GLNA3_BUTFI,50.216,693,337,6,8,696,11,699,0.0,683.0,98.15864022662889
AMMPNBBG_01525,sp|Q9WYM9|Y398_THEMA,51.955,358,169,1,1,358,8,362,1.73e-142,411.0,98.35164835164835
AMMPNBBG_01526,sp|O29309|AGLUS_ARCFU,63.872,501,176,1,6,501,11,511,0.0,662.0,98.42829076620825
AMMPNBBG_01529,sp|Q58745|Y1350_METJA,51.394,251,109,6,1,238,7,257,1.12e-76,235.0,94.3609022556391
AMMPNBBG_01530,sp|Q8PY99|GLNA1_METMA,50.356,421,203,3,8,422,11,431,1.48e-144,422.0,88.07531380753139
AMMPNBBG_01538,sp|Q4UM29|Y543_RICFE,53.684,95,42,2,7,101,295,387,2.52e-23,95.9,85.58558558558559
AMMPNBBG_01540,sp|A3DBX3|GUB_ACET2,100.0,334,0,0,1,334,1,334,0.0,686.0,100.0
AMMPNBBG_01542,sp|P26208|BGLA_ACET2,100.0,448,0,0,24,471,1,448,0.0,917.0,85.65965583173997
AMMPNBBG_01544,sp|A3DBX6|SYFA_ACET2,100.0,339,0,0,1,339,1,339,0.0,696.0,95.76271186440678
AMMPNBBG_01545,sp|Q8R9C7|SYFB_CALS4,54.693,799,353,6,1,795,1,794,0.0,858.0,90.48697621744054
AMMPNBBG_01547,sp|A3DBX9|G6PI_ACET2,100.0,448,0,0,1,448,1,448,0.0,920.0,93.52818371607515
AMMPNBBG_01568,sp|Q8RGC8|FBPC_FUSNN,60.882,363,136,3,1,362,1,358,1.03e-155,445.0,96.28647214854111
AMMPNBBG_01572,sp|Q8DWZ0|DEOC_STRA5,65.919,223,75,1,1,222,1,223,1.74e-103,301.0,91.39344262295081
AMMPNBBG_01573,sp|P19079|CDD_BACSU,52.941,136,58,2,1,136,1,130,1.59e-42,140.0,97.14285714285714
AMMPNBBG_01576,sp|O05253|NUPO_BACSU,56.349,504,219,1,14,517,5,507,0.0,571.0,91.63636363636364
AMMPNBBG_01580,sp|B7HHL7|DEOD_BACC4,52.838,229,106,2,6,233,2,229,3.21e-84,253.0,96.21848739495799
AMMPNBBG_01582,sp|Q97ME5|NIFH_CLOAB,78.676,272,58,0,5,276,1,272,3.51e-159,446.0,93.15068493150685
AMMPNBBG_01583,sp|Q57855|Y412_METJA,50.0,240,118,2,13,251,17,255,3.75e-83,253.0,89.8876404494382
AMMPNBBG_01587,sp|Q2RW95|MARB_RHORT,55.245,286,125,2,8,291,47,331,7.44e-106,314.0,98.62068965517241
AMMPNBBG_01595,sp|Q43317|CYSK_CITLA,50.0,306,145,5,2,301,8,311,1.42e-83,257.0,90.2654867256637
AMMPNBBG_01596,sp|A2RM21|METC_LACLM,59.043,376,153,1,7,382,4,378,5.03e-158,452.0,87.85046728971963
AMMPNBBG_01598,sp|Q4KK46|METN2_PSEF5,56.71,231,100,0,16,246,32,262,2.71e-89,272.0,86.51685393258427
AMMPNBBG_01610,sp|Q5FQ60|SYDND_GLUOX,53.754,586,258,5,5,579,4,587,0.0,644.0,94.36392914653784
AMMPNBBG_01612,sp|C4ZHB9|GATA_AGARV,53.404,470,212,4,7,472,10,476,5.82e-174,501.0,92.15686274509804
AMMPNBBG_01613,sp|A4XHY9|GATB_CALS8,51.471,476,221,5,1,467,1,475,6.57e-171,492.0,95.58232931726907
AMMPNBBG_01614,sp|Q54WR9|GLNA3_DICDI,50.427,702,331,7,12,698,34,733,0.0,706.0,100.0
AMMPNBBG_01629,sp|P04956|GUNB_ACET2,100.0,563,0,0,1,563,1,563,0.0,1157.0,95.10135135135135
AMMPNBBG_01636,sp|P26224|GUNF_ACET2,100.0,739,0,0,1,739,1,739,0.0,1531.0,100.0
AMMPNBBG_01644,sp|Q9BEA2|ACSM1_BOVIN,60.976,82,30,1,2,81,496,577,1.62e-26,103.0,91.11111111111111
AMMPNBBG_01650,sp|O05272|ASNO_BACSU,56.84,614,260,3,1,612,1,611,0.0,737.0,98.87278582930756
AMMPNBBG_01661,sp|A3DCX4|DEF_ACET2,100.0,170,0,0,1,170,1,170,3.2600000000000004e-117,331.0,85.85858585858585
AMMPNBBG_01662,sp|A3DCX5|FMT_ACET2,99.357,311,2,0,15,325,1,311,0.0,639.0,91.20234604105572
AMMPNBBG_01664,sp|O05248|YUGP_BACSU,54.884,215,97,0,8,222,3,217,1.91e-60,192.0,100.0
AMMPNBBG_01666,sp|A3DCX9|RLMN_ACET2,100.0,349,0,0,1,349,1,349,0.0,716.0,90.41450777202073
AMMPNBBG_01669,sp|B8I262|RSGA_RUMCH,58.824,289,117,1,1,287,1,289,2.52e-121,352.0,90.59561128526646
AMMPNBBG_01670,sp|O34557|RPE_BACSU,59.813,214,85,1,2,214,1,214,8.96e-92,271.0,94.69026548672566
AMMPNBBG_01672,sp|P26224|GUNF_ACET2,58.839,741,292,8,1,733,1,736,0.0,866.0,100.0
AMMPNBBG_01689,sp|P16218|GUNH_ACET2,99.778,900,2,0,1,900,1,900,0.0,1845.0,100.0
AMMPNBBG_01694,sp|A3DFH7|DCDB_ACET2,98.876,178,2,0,1,178,1,178,2.63e-129,362.0,86.40776699029125
AMMPNBBG_01714,sp|Q02929|CPS_ACET2,51.724,522,242,4,76,593,1,516,6.98e-152,451.0,85.15497553017944
AMMPNBBG_01715,sp|P54147|Y108_SYNY3,56.28,414,167,6,7,418,88,489,5.34e-143,426.0,82.8
AMMPNBBG_01725,sp|O32175|YUSI_BACSU,58.333,108,45,0,1,108,3,110,3.07e-36,122.0,94.73684210526315
AMMPNBBG_01731,sp|Q58015|MTM3_METJA,56.271,295,120,4,16,309,3,289,8.11e-107,315.0,90.76923076923077
AMMPNBBG_01748,sp|Q9K619|BCEA_HALH5,51.822,247,118,1,3,248,2,248,1.5299999999999999e-89,268.0,93.91634980988593
AMMPNBBG_01750,sp|Q9K621|BCER_HALH5,50.45,222,110,0,1,222,1,222,7.180000000000001e-79,239.0,93.27731092436974
AMMPNBBG_01756,sp|A3DEQ2|MTAD_ACET2,100.0,431,0,0,1,431,1,431,0.0,882.0,90.35639412997904
AMMPNBBG_01757,sp|Q9UYK5|SAHH_PYRAB,63.814,409,148,0,5,413,10,418,0.0,545.0,88.52813852813853
AMMPNBBG_01758,sp|P77834|PUNA_GEOSE,58.238,261,109,0,10,270,8,268,1.28e-114,333.0,87.87878787878788
AMMPNBBG_01761,sp|B8I6I0|Y490_RUMCH,72.319,401,97,5,1,401,1,387,0.0,541.0,90.9297052154195
AMMPNBBG_01768,sp|Q8Q001|TRPB2_METMA,63.785,428,154,1,7,433,14,441,0.0,559.0,95.11111111111111
AMMPNBBG_01773,sp|A3DER9|CLPS_ACET2,100.0,99,0,0,1,99,1,99,4.04e-67,199.0,95.1923076923077
AMMPNBBG_01775,sp|A3DES1|LFTR_ACET2,100.0,233,0,0,1,233,1,233,8.28e-176,484.0,97.08333333333333
AMMPNBBG_01780,sp|A3DES6|RL20_ACET2,100.0,117,0,0,1,117,1,117,5.58e-79,230.0,98.31932773109243
AMMPNBBG_01781,sp|A3DES7|RL35_ACET2,100.0,65,0,0,1,65,1,65,1.99e-37,121.0,100.0
AMMPNBBG_01782,sp|Q8R9C2|IF3_CALS4,60.588,170,67,0,4,173,10,179,1.74e-75,226.0,89.47368421052632
AMMPNBBG_01785,sp|A3DET1|SYT_ACET2,100.0,635,0,0,1,635,1,635,0.0,1306.0,94.07407407407408
AMMPNBBG_01797,sp|Q9ZAA6|GCDB_ACIFV,51.944,360,171,2,6,365,15,372,4.19e-119,352.0,84.90566037735849
AMMPNBBG_01801,sp|Q7A1W8|PFLA_STAAW,51.029,243,112,3,3,238,2,244,1.1300000000000002e-73,227.0,80.4635761589404
AMMPNBBG_01802,sp|Q7A1W9|PFLB_STAAW,67.436,737,239,1,3,739,11,746,0.0,1076.0,96.08865710560626
AMMPNBBG_01812,sp|Q8RA16|CHED_CALS4,56.962,158,68,0,4,161,5,162,3.18e-63,194.0,95.75757575757575
AMMPNBBG_01820,sp|P35620|FLHA_BACSU,55.721,673,295,2,7,676,5,677,0.0,695.0,94.92242595204513
AMMPNBBG_01823,sp|P35535|FLIQ_BACSU,52.874,87,41,0,1,87,1,87,6.3e-28,99.8,96.66666666666667
AMMPNBBG_01824,sp|P35528|FLIP_BACSU,56.279,215,91,1,44,258,10,221,9e-80,242.0,87.04453441295547
AMMPNBBG_01826,sp|P24072|CHEY_BACSU,74.167,120,31,0,1,120,1,120,6.49e-63,190.0,94.48818897637796
AMMPNBBG_01830,sp|C0H412|SWRD_BACSU,54.098,61,28,0,1,61,1,61,1.33e-14,64.7,100.0
AMMPNBBG_01837,sp|P23445|FLII_BACSU,57.944,428,175,3,11,435,8,433,1.09e-174,499.0,95.53571428571429
AMMPNBBG_01839,sp|P23448|FLIG_BACSU,62.353,340,126,1,1,340,1,338,7.04e-158,448.0,100.0
AMMPNBBG_01842,sp|P24501|FLGC_BACSU,55.921,152,60,4,1,147,1,150,7.870000000000001e-51,162.0,98.7012987012987
AMMPNBBG_01844,sp|A3DCM0|TRMFO_ACET2,100.0,436,0,0,1,436,1,436,0.0,906.0,88.08080808080808
AMMPNBBG_01845,sp|Q9KA23|TOP1_HALH5,58.092,692,282,4,1,691,1,685,0.0,847.0,85.4320987654321
AMMPNBBG_01855,sp|A3DCK9|NRDR_ACET2,100.0,151,0,0,1,151,1,151,2.44e-108,307.0,99.3421052631579
AMMPNBBG_01857,sp|P33658|RPSG_CLOAB,76.654,257,60,0,1,257,1,257,4.8499999999999995e-152,427.0,90.49295774647888
AMMPNBBG_01858,sp|P06222|RPSE_BACSU,69.71,241,71,2,4,244,1,239,1.68e-114,330.0,84.85915492957746
AMMPNBBG_01860,sp|Q9K9T7|FTSZ_HALH5,61.942,381,127,2,1,364,1,380,2.24e-145,419.0,97.94344473007712
AMMPNBBG_01864,sp|Q8R9G7|MURA2_CALS4,60.145,276,109,1,6,281,141,415,2.29e-115,341.0,95.17241379310344
AMMPNBBG_01867,sp|A3DI26|ISPE_ACET2,99.64,278,1,0,1,278,6,283,0.0,564.0,87.9746835443038
AMMPNBBG_01898,sp|H6LC31|RNFD_ACEWD,50.789,317,145,4,2,315,3,311,2.3999999999999998e-91,278.0,84.98659517426273
AMMPNBBG_01900,sp|D8GR69|RNFE_CLOLD,50.785,191,93,1,9,199,10,199,2.5599999999999998e-61,193.0,81.97424892703863
AMMPNBBG_01901,sp|H6LC28|RNFA_ACEWD,59.574,188,76,0,5,192,2,189,1.1300000000000002e-73,223.0,92.15686274509804
AMMPNBBG_01911,sp|A6KXB3|APTB_PHOV8,51.14,307,148,2,6,311,7,312,1.5e-109,323.0,93.59756097560977
AMMPNBBG_01918,sp|O31605|PEPF_BACSU,52.941,51,24,0,1,51,614,664,7.15e-13,63.5,100.0
AMMPNBBG_01919,sp|O31605|PEPF_BACSU,52.82,532,251,0,3,534,65,596,0.0,582.0,98.1549815498155
AMMPNBBG_01923,sp|P21335|TADA_BACSU,53.521,142,66,0,11,152,7,148,7.919999999999999e-52,165.0,85.02994011976048
AMMPNBBG_01926,sp|P54430|YRKC_BACSU,60.694,173,61,2,35,200,9,181,9.22e-73,221.0,100.0
AMMPNBBG_01933,sp|B8I2A5|NADA_RUMCH,70.627,303,89,0,2,304,1,303,2.7200000000000003e-163,459.0,83.93351800554017
AMMPNBBG_01940,sp|P52971|SSPF_PRIM1,60.784,51,20,0,3,53,4,54,8.29e-19,74.3,96.22641509433963
AMMPNBBG_01944,sp|Q795J3|EPSN_BACSU,56.499,377,150,4,15,381,3,375,4.35e-152,437.0,93.08641975308643
AMMPNBBG_01945,sp|Q0P9D0|PGLC_CAMJE,58.373,209,78,3,21,229,1,200,1.5600000000000001e-80,242.0,98.12206572769952
AMMPNBBG_01949,sp|Q04972|WCDA_SALTI,50.746,402,193,3,11,409,6,405,2.8099999999999998e-139,408.0,83.57588357588358
AMMPNBBG_01958,sp|P37478|WALR_BACSU,60.262,229,90,1,1,228,1,229,1.31e-95,282.0,96.21848739495799
AMMPNBBG_01963,sp|Q8R6V0|MURA3_CALS4,62.019,416,156,2,1,416,1,414,0.0,521.0,94.76082004555809
AMMPNBBG_01965,sp|A3DHU9|RLMH_ACET2,99.371,159,1,0,1,159,1,159,5.7e-112,317.0,92.98245614035088
AMMPNBBG_01975,sp|A3DHS8|UPPP_ACET2,99.632,272,1,0,1,272,1,272,0.0,533.0,90.06622516556291
AMMPNBBG_01983,sp|B5YL10|CAS1B_THEYD,60.0,330,132,0,1,330,1,330,7.26e-151,429.0,94.82758620689656
AMMPNBBG_01984,sp|B8DZH3|CAS2_DICTD,58.442,77,32,0,1,77,1,77,4.57e-24,89.7,83.69565217391305
AMMPNBBG_01989,sp|P37494|YYBJ_BACSU,52.683,205,97,0,4,208,2,206,1.15e-71,220.0,83.33333333333334
AMMPNBBG_01994,sp|P94417|AK3_BACSU,61.024,449,175,0,1,449,1,449,0.0,578.0,88.56015779092702
AMMPNBBG_01996,sp|A3DF80|Y1377_ACET2,100.0,147,0,0,1,147,1,147,3.09e-103,294.0,100.0
AMMPNBBG_02004,sp|A3DF88|SECA_ACET2,100.0,910,0,0,1,910,1,910,0.0,1877.0,91.18236472945893
AMMPNBBG_02007,sp|Q7BVT7|YERC_BACSU,62.222,90,34,0,4,93,5,94,2.19e-35,119.0,100.0
AMMPNBBG_02010,sp|A3DF94|LEU1_ACET2,100.0,511,0,0,1,511,1,511,0.0,1041.0,89.33566433566433
AMMPNBBG_02013,sp|Q31I88|PSTB_HYDCU,50.0,54,26,1,1,53,74,127,9.3e-11,57.8,84.375
AMMPNBBG_02016,sp|A3DFA0|XG74_ACET2,100.0,842,0,0,1,842,1,842,0.0,1713.0,100.0
AMMPNBBG_02030,sp|Q8R9M9|TRPB_CALS4,70.513,390,115,0,3,392,2,391,0.0,580.0,97.2568578553616
AMMPNBBG_02036,sp|A3DFC2|MNTP_ACET2,100.0,198,0,0,1,198,1,198,5.28e-140,391.0,93.39622641509435
AMMPNBBG_02050,sp|A3DC20|RSGI9_ACET2,99.717,707,2,0,1,707,1,707,0.0,1419.0,100.0
AMMPNBBG_02052,sp|A3DC22|PROA_ACET2,99.768,431,1,0,1,431,1,431,0.0,882.0,96.20535714285714
AMMPNBBG_02057,sp|A3DC27|RSGI2_ACET2,100.0,671,0,0,8,678,1,671,0.0,1323.0,99.4074074074074
AMMPNBBG_02058,sp|A3DC28|SIGI2_ACET2,100.0,265,0,0,1,265,1,265,0.0,534.0,100.0
AMMPNBBG_02059,sp|A3DC29|GUNA_ACET2,100.0,477,0,0,1,477,1,477,0.0,987.0,100.0
AMMPNBBG_02066,sp|B9K7M6|CBPA_THENN,74.047,813,209,2,1,811,1,813,0.0,1307.0,96.55581947743468
AMMPNBBG_02073,sp|A4J4I4|GLGA_DESRM,55.346,477,213,0,4,480,1,477,0.0,566.0,90.17013232514176
AMMPNBBG_02076,sp|O14254|IDHP_SCHPO,57.25,400,167,3,3,399,34,432,1.53e-167,479.0,95.01187648456056
AMMPNBBG_02083,sp|P37512|YYAL_BACSU,51.395,681,315,7,1,670,1,676,0.0,733.0,93.28767123287672
AMMPNBBG_02091,sp|C0H3V8|YYZM_BACSU,50.0,60,30,0,5,64,6,65,5.76e-18,72.8,100.0
AMMPNBBG_02094,sp|Q94BU8|GSDA_ARATH,51.181,127,61,1,4,130,33,158,8.08e-43,143.0,83.00653594771242
AMMPNBBG_02096,sp|Q57625|ILVH_METJA,56.97,165,70,1,3,166,8,172,7.46e-63,194.0,80.88235294117648
AMMPNBBG_02097,sp|A3DIE1|ILVC_ACET2,100.0,331,0,0,1,331,1,331,0.0,682.0,98.21958456973294
AMMPNBBG_02098,sp|O66682|CIMA_AQUAE,56.322,522,226,2,2,521,3,524,0.0,616.0,90.625
AMMPNBBG_02100,sp|A3DIE4|SIGI7_ACET2,99.574,235,1,0,1,235,1,235,1.2400000000000001e-169,469.0,99.15611814345992
AMMPNBBG_02101,sp|A3DIE5|RSGI7_ACET2,99.814,539,1,0,1,539,1,539,0.0,1065.0,100.0
AMMPNBBG_02104,sp|A3DIE8|HEM1_ACET2,100.0,331,0,0,1,331,1,331,0.0,676.0,84.65473145780051
AMMPNBBG_02106,sp|A3DIF0|HEM3_ACET2,100.0,292,0,0,1,292,1,292,0.0,591.0,91.82389937106919
AMMPNBBG_02107,sp|Q59294|HEM4_RUMJO,50.302,497,231,4,6,489,4,497,2.34e-168,487.0,100.0
AMMPNBBG_02108,sp|Q60178|HEM2_METJA,53.438,320,147,1,1,318,10,329,3.01e-121,354.0,97.5609756097561
AMMPNBBG_02109,sp|A3DIF3|GSA_ACET2,100.0,427,0,0,1,427,1,427,0.0,872.0,98.38709677419355
AMMPNBBG_02110,sp|P0AG79|SUBI_SHIFL,72.168,309,85,1,47,355,22,329,9.97e-165,466.0,88.28571428571429
AMMPNBBG_02111,sp|P27367|CYST_SYNE7,53.906,256,118,0,25,280,22,277,1.11e-84,258.0,92.08633093525181
AMMPNBBG_02112,sp|P27370|CYSW_SYNE7,51.579,285,132,3,15,294,2,285,3.94e-91,275.0,100.0
AMMPNBBG_02113,sp|O31339|CYSA_BACC1,65.826,357,119,1,1,354,1,357,8.65e-171,482.0,96.48648648648648
AMMPNBBG_02114,sp|Q9RFS6|CYSH_BURCE,50.0,202,101,0,32,233,32,233,2.25e-72,224.0,84.51882845188284
AMMPNBBG_02130,sp|A3DIH0|IABF_ACET2,100.0,503,0,0,1,503,1,503,0.0,1044.0,98.43444227005871
AMMPNBBG_02142,sp|P26398|RFBH_SALTY,55.023,438,185,4,12,448,6,432,1.62e-177,506.0,97.76785714285714
AMMPNBBG_02145,sp|Q8Z5I4|RFBF_SALTI,54.231,260,114,4,1,259,1,256,2.38e-101,298.0,94.20289855072464
AMMPNBBG_02157,sp|Q8Q0F9|Y177_METMA,65.089,169,59,0,1,169,18,186,1.88e-78,234.0,91.35135135135135
AMMPNBBG_02160,sp|P02964|RPSH_BACLI,74.747,198,50,0,13,210,20,217,4.2e-107,310.0,100.0
AMMPNBBG_02162,sp|Q06753|YACO_BACSU,53.112,241,112,1,36,276,6,245,6.14e-93,277.0,83.68055555555556
AMMPNBBG_02163,sp|B0K5F7|MRNC_THEPX,58.824,119,49,0,20,138,20,138,2.1699999999999998e-45,147.0,93.7007874015748
AMMPNBBG_02167,sp|A3DH43|SYC_ACET2,100.0,468,0,0,1,468,1,468,0.0,965.0,87.8048780487805
AMMPNBBG_02168,sp|A8F961|CYSE_BACP2,52.752,218,101,1,1,218,2,217,1.1700000000000001e-79,241.0,90.45643153526972
AMMPNBBG_02177,sp|O32087|YUZA_BACSU,52.308,65,30,1,4,67,2,66,2.37e-16,69.3,100.0
AMMPNBBG_02179,sp|A3DH53|Y2075_ACET2,100.0,242,0,0,1,242,1,242,5.16e-180,496.0,96.03174603174604
AMMPNBBG_02185,sp|Q8RAS5|HFLX_CALS4,52.239,402,179,2,161,562,24,412,2.18e-119,363.0,92.20183486238533
AMMPNBBG_02187,sp|A3DH61|DPO4_ACET2,100.0,399,0,0,1,399,1,399,0.0,822.0,86.55097613882863
AMMPNBBG_02192,sp|P0C2S5|GUNS_ACETH,99.46,741,4,0,4,744,1,741,0.0,1526.0,100.0
AMMPNBBG_02195,sp|Q181C1|RSMA_CLOD6,55.797,276,116,3,5,277,10,282,7.460000000000001e-99,294.0,91.0891089108911
AMMPNBBG_02198,sp|P37545|YABD_BACSU,51.575,254,123,0,1,254,1,254,7.29e-95,281.0,92.7007299270073
AMMPNBBG_02199,sp|Q8RDD1|SYM_CALS4,68.712,652,189,4,3,654,2,638,0.0,926.0,82.21941992433796
AMMPNBBG_02201,sp|P35158|SPMB_BACSU,50.0,176,88,0,1,176,1,176,7.239999999999999e-52,166.0,100.0
AMMPNBBG_02216,sp|K0J4Q8|AHPC_AMPXN,72.34,188,51,1,1,187,1,188,2.79e-103,298.0,92.61083743842364
AMMPNBBG_02217,sp|P26829|DHNA_FERAY,72.495,509,140,0,1,509,1,509,0.0,796.0,98.07321772639692
AMMPNBBG_02218,sp|P10478|XYNZ_ACET2,99.881,837,1,0,1,837,1,837,0.0,1725.0,100.0
AMMPNBBG_02227,sp|O31489|YDCI_BACSU,54.571,711,315,3,8,714,11,717,0.0,748.0,88.43283582089553
AMMPNBBG_02239,sp|C5A366|DEOC_THEGJ,57.477,214,89,1,6,217,6,219,6.3700000000000006e-80,241.0,88.79668049792531
AMMPNBBG_02245,sp|A3DGS7|DDL_ACET2,99.734,376,1,0,1,376,1,376,0.0,762.0,94.94949494949495
AMMPNBBG_02248,sp|A3DGS4|SYR_ACET2,100.0,564,0,0,1,564,1,564,0.0,1159.0,85.06787330316742
AMMPNBBG_02260,sp|Q8RBI6|DAPB_CALS4,57.6,250,104,2,1,250,2,249,1.18e-101,298.0,89.6057347670251
AMMPNBBG_02261,sp|A3DE17|DAPA_ACET2,100.0,292,0,0,1,292,1,292,0.0,588.0,97.65886287625418
AMMPNBBG_02262,sp|O67716|DHAS_AQUAE,62.048,332,117,3,6,328,5,336,2.97e-141,405.0,86.68407310704961
AMMPNBBG_02264,sp|A3DE14|QUEA_ACET2,100.0,341,0,0,1,341,1,341,0.0,692.0,87.43589743589743
AMMPNBBG_02265,sp|A3DE13|TGT_ACET2,99.733,374,1,0,1,374,1,374,0.0,775.0,93.96984924623115
AMMPNBBG_02269,sp|A3DE09|PYRR_ACET2,100.0,184,0,0,1,184,1,184,9.45e-130,364.0,100.0
AMMPNBBG_02271,sp|A3DE08|PYRB_ACET2,100.0,312,0,0,1,312,1,312,0.0,632.0,93.13432835820895
AMMPNBBG_02272,sp|A3DE07|PYRC_ACET2,99.765,426,1,0,3,428,1,426,0.0,867.0,86.40973630831643
AMMPNBBG_02273,sp|B0K2E7|PYRF_THEPX,54.777,314,131,2,1,314,1,303,7.420000000000001e-117,342.0,96.61538461538461
AMMPNBBG_02274,sp|Q8XHB2|CARA_CLOPE,59.026,349,139,2,1,349,1,345,9.89e-153,436.0,88.35443037974684
AMMPNBBG_02275,sp|A9KI94|CARB_LACP7,66.978,1069,346,5,1,1067,1,1064,0.0,1448.0,93.60770577933451
AMMPNBBG_02277,sp|A8MIU4|PYRDB_ALKOO,64.145,304,107,1,1,304,1,302,7.54e-141,402.0,89.14956011730204
AMMPNBBG_02282,sp|A3DDZ7|RIMO_ACET2,100.0,453,0,0,1,453,1,453,0.0,909.0,92.44897959183673
AMMPNBBG_02286,sp|Q8R9V5|FAPR_CALS4,64.444,180,64,0,2,181,7,186,2.99e-78,234.0,100.0
AMMPNBBG_02287,sp|A3DDZ2|PLSX_ACET2,100.0,339,0,0,1,339,1,339,0.0,674.0,92.87671232876711
AMMPNBBG_02288,sp|Q8R9V7|FABH_CALS4,56.456,333,141,2,1,331,1,331,2.97e-130,377.0,96.24277456647398
AMMPNBBG_02289,sp|P71019|FABD_BACSU,53.548,310,143,1,1,309,1,310,7.18e-115,337.0,88.31908831908832
AMMPNBBG_02290,sp|P51831|FABG_BACSU,55.102,245,110,0,3,247,2,246,1.9799999999999997e-95,282.0,81.93979933110369
AMMPNBBG_02291,sp|A3DDY8|ACP_ACET2,100.0,74,0,0,1,74,1,74,4.5599999999999996e-45,141.0,93.67088607594937
AMMPNBBG_02292,sp|O34340|FABF_BACSU,65.77,409,140,0,2,410,3,411,0.0,565.0,84.85477178423237
AMMPNBBG_02293,sp|Q8R9W3|RNC_CALS4,52.212,226,107,1,10,235,1,225,1.43e-83,251.0,95.76271186440678
AMMPNBBG_02295,sp|P45693|SP5S_BACSU,66.279,86,29,0,1,86,1,86,3.86e-37,122.0,100.0
AMMPNBBG_02296,sp|B1KVV5|PDXA2_CLOBM,64.35,331,117,1,2,332,4,333,4.06e-155,441.0,89.94565217391305
AMMPNBBG_02298,sp|P51835|FTSY_BACSU,57.616,302,124,2,5,302,20,321,9.16e-115,337.0,89.88095238095238
AMMPNBBG_02302,sp|A3DDX7|DAPDH_ACET2,99.696,329,1,0,1,329,6,334,0.0,678.0,100.0
AMMPNBBG_02311,sp|O31398|YKWD_BACSU,53.846,182,74,6,100,280,85,257,2.36e-53,177.0,100.0
AMMPNBBG_02312,sp|A3DJL6|SYP_ACET2,99.65,572,2,0,1,572,1,572,0.0,1165.0,93.4640522875817
AMMPNBBG_02313,sp|Q824F7|ISPF_CHLCV,51.613,155,74,1,2,155,17,171,3.15e-48,156.0,93.37349397590361
AMMPNBBG_02318,sp|Q8R7S6|ISPD_CALS4,54.795,219,99,0,10,228,4,222,2.75e-77,235.0,83.58778625954199
AMMPNBBG_02320,sp|A3DJK8|TRUA_ACET2,100.0,244,0,0,1,244,1,244,0.0,502.0,83.8487972508591
AMMPNBBG_02322,sp|B8I813|ECFT_RUMCH,58.333,264,110,0,1,264,1,264,5.6e-119,344.0,87.70764119601328
AMMPNBBG_02323,sp|A3DJK5|ECFA2_ACET2,99.288,281,2,0,1,281,1,281,0.0,562.0,96.56357388316151
AMMPNBBG_02333,sp|A3DJK3|ECFA1_ACET2,98.947,285,3,0,1,285,1,285,0.0,571.0,97.9381443298969
AMMPNBBG_02334,sp|A3DJK2|RL17_ACET2,99.425,174,1,0,1,174,1,174,1.3899999999999998e-126,355.0,93.54838709677419
AMMPNBBG_02335,sp|A3DJK1|RPOA_ACET2,99.683,315,1,0,1,315,1,315,0.0,631.0,90.51724137931035
AMMPNBBG_02336,sp|A3DJK0|RS4_ACET2,100.0,208,0,0,1,208,1,208,4.83e-153,425.0,95.85253456221197
AMMPNBBG_02337,sp|A3DJJ9|RS11_ACET2,100.0,134,0,0,1,134,1,134,1.9199999999999998e-94,271.0,98.52941176470588
AMMPNBBG_02338,sp|A3DJJ8|RS13_ACET2,100.0,123,0,0,1,123,1,123,3.75e-83,241.0,98.4
AMMPNBBG_02339,sp|A3DJJ7|RL36_ACET2,100.0,37,0,0,1,37,1,37,9.1e-19,72.8,97.36842105263158
AMMPNBBG_02340,sp|A3DJJ6|IF1_ACET2,100.0,72,0,0,1,72,1,72,1.3500000000000001e-47,147.0,98.63013698630137
AMMPNBBG_02342,sp|P50614|MAP1_CLOPE,59.608,255,96,1,1,255,1,248,2.56e-106,310.0,94.44444444444444
AMMPNBBG_02343,sp|A3DJJ3|KAD_ACET2,100.0,217,0,0,1,217,1,217,9.130000000000001e-160,442.0,96.875
AMMPNBBG_02345,sp|A3DJJ1|RL15_ACET2,100.0,146,0,0,1,146,1,146,8.34e-101,288.0,95.42483660130719
AMMPNBBG_02346,sp|A3DJJ0|RL30_ACET2,100.0,59,0,0,1,59,1,59,3.72e-36,118.0,98.33333333333333
AMMPNBBG_02347,sp|A3DJI9|RS5_ACET2,100.0,166,0,0,1,166,1,166,5.83e-114,323.0,95.95375722543352
AMMPNBBG_02348,sp|A3DJI8|RL18_ACET2,100.0,122,0,0,1,122,1,122,4.0300000000000003e-85,246.0,96.82539682539682
AMMPNBBG_02349,sp|B8I7Z4|RL6_RUMCH,77.326,172,39,0,1,172,1,172,8.24e-93,271.0,91.48936170212765
AMMPNBBG_02350,sp|A3DJI6|RS8_ACET2,100.0,132,0,0,1,132,1,132,8.64e-92,264.0,96.35036496350365
AMMPNBBG_02351,sp|B8I7Z1|RL5_RUMCH,78.889,180,38,0,1,180,1,180,6.86e-107,306.0,100.0
AMMPNBBG_02352,sp|A3DJI3|RL24_ACET2,100.0,116,0,0,1,116,1,116,1.5e-78,229.0,94.3089430894309
AMMPNBBG_02353,sp|A3DJI2|RL14_ACET2,100.0,122,0,0,1,122,1,122,1.24e-83,243.0,98.38709677419355
AMMPNBBG_02354,sp|A3DJI1|RS17_ACET2,100.0,85,0,0,1,85,1,85,6.32e-56,169.0,97.70114942528735
AMMPNBBG_02355,sp|A3DJI0|RL29_ACET2,100.0,67,0,0,1,67,1,67,1.52e-40,129.0,95.71428571428572
AMMPNBBG_02356,sp|A3DJH9|RL16_ACET2,100.0,145,0,0,1,145,1,145,1.91e-103,295.0,94.15584415584416
AMMPNBBG_02357,sp|A3DJH8|RS3_ACET2,100.0,226,0,0,1,226,1,226,2.6e-164,455.0,96.99570815450643
AMMPNBBG_02358,sp|A3DJH7|RL22_ACET2,99.2,125,1,0,34,158,1,125,3.8000000000000004e-85,248.0,93.98496240601504
AMMPNBBG_02359,sp|A3DJH6|RS19_ACET2,100.0,94,0,0,1,94,1,94,5.95e-65,193.0,100.0
AMMPNBBG_02360,sp|A3DJH5|RL2_ACET2,99.636,275,1,0,1,275,1,275,0.0,554.0,98.21428571428571
AMMPNBBG_02361,sp|A3DJH4|RL23_ACET2,100.0,117,0,0,1,117,1,117,8.81e-81,235.0,100.0
AMMPNBBG_02362,sp|A3DJH3|RL4_ACET2,100.0,208,0,0,1,208,1,208,1.33e-151,421.0,92.03539823008849
AMMPNBBG_02363,sp|A3DJH2|RL3_ACET2,100.0,212,0,0,1,212,1,212,6.51e-152,422.0,92.98245614035088
AMMPNBBG_02364,sp|A3DJH1|RS10_ACET2,100.0,103,0,0,1,103,1,103,4.5e-70,207.0,98.09523809523809
AMMPNBBG_02369,sp|A3DI22|FTHS_ACET2,100.0,556,0,0,1,556,1,556,0.0,1127.0,87.83570300157977
AMMPNBBG_02375,sp|Q56317|PORB_THEMA,53.651,315,137,5,1,307,1,314,1.03e-111,329.0,100.0
AMMPNBBG_02376,sp|O05651|PORA_THEMA,57.398,392,160,4,4,394,7,392,3.31e-134,392.0,93.33333333333333
AMMPNBBG_02377,sp|Q56316|PORD_THEMA,51.685,89,42,1,13,101,5,92,3.5399999999999997e-28,100.0,100.0
AMMPNBBG_02378,sp|O58411|PORC_PYRHO,50.0,168,84,0,4,171,1,168,6e-50,162.0,86.5979381443299
AMMPNBBG_02389,sp|A3DI04|SYS_ACET2,100.0,423,0,0,1,423,1,423,0.0,874.0,94.0
AMMPNBBG_02393,sp|P37522|SOJ_BACSU,69.076,249,77,0,1,249,1,249,5.46e-132,376.0,89.89169675090253
AMMPNBBG_02394,sp|P94604|GYRB_CLOAB,67.93,633,198,4,11,641,8,637,0.0,895.0,91.47398843930635
AMMPNBBG_02396,sp|A3DHZ7|RECF_ACET2,100.0,369,0,0,1,369,1,369,0.0,746.0,92.9471032745592
AMMPNBBG_02399,sp|A3DHZ4|DNAA_ACET2,99.774,443,1,0,1,443,1,443,0.0,903.0,91.52892561983471
AMMPNBBG_02400,sp|A7GJP3|RNPA_CLOBL,51.429,105,50,1,7,110,6,110,1.83e-30,108.0,84.0
AMMPNBBG_02401,sp|A3DHZ1|YIDD_ACET2,100.0,71,0,0,1,71,1,71,6.45e-48,148.0,94.66666666666667
AMMPNBBG_02403,sp|D0VX24|KHPB_CLOSY,54.229,201,89,2,8,206,7,206,9.43e-67,207.0,97.10144927536231
AMMPNBBG_02404,sp|A3DHY8|MNME_ACET2,100.0,459,0,0,1,459,1,459,0.0,907.0,91.8
AMMPNBBG_02405,sp|A3DHY7|MNMG_ACET2,100.0,630,0,0,1,630,1,630,0.0,1283.0,95.31013615733737
AMMPNBBG_02406,sp|A3DHY6|RSMG_ACET2,100.0,242,0,0,1,242,1,242,8.899999999999999e-175,483.0,100.0
AMMPNBBG_02408,sp|P94605|GYRA_CLOAB,62.683,820,301,1,7,826,2,816,0.0,1058.0,91.21245828698554
AMMPNBBG_02410,sp|B5XNU9|5DNU_KLEV3,51.562,192,91,1,14,203,2,193,6.48e-71,217.0,100.0
AMMPNBBG_02422,sp|A3DDP0|NUSB_ACET2,100.0,145,0,0,1,145,1,145,9.7e-103,293.0,92.35668789808918
AMMPNBBG_02423,sp|B8I3A9|EX7L_RUMCH,56.091,394,172,1,10,403,2,394,2.0899999999999998e-159,457.0,83.82978723404256
AMMPNBBG_02424,sp|B9DUT8|EX7S_STRU0,51.471,68,33,0,2,69,4,71,2.53e-14,64.3,87.17948717948718
AMMPNBBG_02425,sp|B1XJV9|CRTE_PICP2,50.34,294,141,3,6,298,13,302,2.62e-98,294.0,96.07843137254902
AMMPNBBG_02428,sp|Q0AZE2|DXS_SYNWW,55.916,617,261,3,1,611,5,616,0.0,725.0,95.36321483771252
AMMPNBBG_02429,sp|P19672|YQXC_BACSU,55.926,270,115,3,2,268,4,272,1.97e-101,300.0,100.0
AMMPNBBG_02431,sp|A3DDN1|GUND_ACET2,99.692,649,2,0,1,649,1,649,0.0,1348.0,94.46870451237264
AMMPNBBG_02439,sp|A3DDM2|NADK_ACET2,100.0,289,0,0,1,289,1,289,0.0,576.0,97.96610169491525
AMMPNBBG_02440,sp|A3DDM1|ARGR_ACET2,100.0,153,0,0,1,153,1,153,1.23e-109,311.0,94.44444444444444
AMMPNBBG_02443,sp|P52936|SP0A_CLOB8,61.905,273,99,2,1,268,1,273,5.39e-118,342.0,97.15302491103202
AMMPNBBG_02444,sp|P24072|CHEY_BACSU,61.404,114,44,0,3,116,4,117,7.179999999999999e-42,137.0,88.37209302325581
AMMPNBBG_02448,sp|Q0AXB7|CHEB2_SYNWW,63.798,337,120,2,8,344,4,338,8.689999999999999e-159,451.0,87.76041666666666
AMMPNBBG_02463,sp|Q05332|GUNG_ACET2,99.823,566,1,0,1,566,1,566,0.0,1161.0,95.6081081081081
AMMPNBBG_02465,sp|A3DJE3|PCKG_ACET2,100.0,605,0,0,1,605,1,605,0.0,1249.0,97.89644012944983
AMMPNBBG_02467,sp|P56255|PCRA_GEOSE,50.672,744,334,5,3,740,8,724,0.0,708.0,95.14066496163683
AMMPNBBG_02470,sp|P10478|XYNZ_ACET2,56.061,66,29,0,36,101,428,493,1.78e-13,77.0,80.48780487804879
AMMPNBBG_02471,sp|A3DJE9|HISZ_ACET2,100.0,418,0,0,1,418,1,418,0.0,846.0,92.07048458149781
AMMPNBBG_02472,sp|A3DJF0|HIS1_ACET2,100.0,213,0,0,1,213,1,213,3.55e-153,426.0,91.41630901287554
AMMPNBBG_02473,sp|Q8R882|HISX_CALS4,59.861,431,171,2,1,431,1,429,0.0,546.0,94.72527472527472
AMMPNBBG_02474,sp|B8I5V1|HIS8_RUMCH,50.7,357,176,0,1,357,1,357,3.82e-136,394.0,92.0103092783505
AMMPNBBG_02475,sp|A3DJF3|HIS7_ACET2,100.0,195,0,0,1,195,1,195,2.3699999999999999e-141,394.0,92.85714285714286
AMMPNBBG_02476,sp|B9M5S1|PUR7_GEODF,57.732,291,122,1,2,291,4,294,3.05e-122,354.0,82.90598290598291
AMMPNBBG_02477,sp|Q8R883|HIS5_CALS4,56.158,203,86,2,1,203,1,200,7.609999999999999e-74,224.0,88.26086956521739
AMMPNBBG_02478,sp|A3DJF6|HIS4_ACET2,100.0,237,0,0,1,237,1,237,5.82e-172,475.0,95.18072289156626
AMMPNBBG_02479,sp|A3DJF7|HIS6_ACET2,100.0,253,0,0,1,253,1,253,0.0,510.0,91.00719424460432
AMMPNBBG_02480,sp|Q9RPQ3|HIS2_THEP3,97.674,215,5,0,1,215,1,215,8.17e-153,425.0,93.47826086956522
AMMPNBBG_02482,sp|P48223|CH10_ACET2,100.0,94,0,0,1,94,1,94,1.55e-60,182.0,97.91666666666666
AMMPNBBG_02483,sp|P48212|CH60_ACET2,100.0,541,0,0,1,541,1,541,0.0,1058.0,98.36363636363636
AMMPNBBG_02488,sp|A3DJG6|GREA_ACET2,100.0,159,0,0,1,159,1,159,4.2600000000000005e-110,312.0,99.375
AMMPNBBG_02510,sp|A3DKB6|SYA_ACET2,99.886,880,1,0,1,880,1,880,0.0,1798.0,89.61303462321793
AMMPNBBG_02540,sp|P94474|YEAC_BACSU,51.171,299,146,0,9,307,15,313,1.13e-106,316.0,90.6060606060606
AMMPNBBG_02544,sp|A3DEN2|SSPH_ACET2,100.0,64,0,0,1,64,1,64,8.949999999999999e-42,132.0,100.0
AMMPNBBG_02559,sp|Q45589|CDAA_BACSU,52.321,237,110,1,34,270,16,249,7.24e-81,248.0,97.53086419753086
AMMPNBBG_02561,sp|Q05627|Y202_CLOB8,54.802,531,232,5,1,525,1,529,0.0,569.0,100.0
AMMPNBBG_02562,sp|A3DEL6|GLMM_ACET2,100.0,449,0,0,1,449,1,449,0.0,909.0,96.76724137931035
AMMPNBBG_02563,sp|Q8R841|GLMS_CALS4,66.283,608,204,1,1,607,1,608,0.0,840.0,85.75458392101551
AMMPNBBG_02565,sp|A6TP80|ACR3_ALKMQ,79.714,350,71,0,1,350,1,350,0.0,560.0,98.0392156862745
AMMPNBBG_02569,sp|Q3A9W4|OTC_CARHZ,64.238,302,108,0,4,305,10,311,1.11e-141,405.0,84.8314606741573
AMMPNBBG_02570,sp|A5D508|CARB_PELTS,62.852,1066,389,4,1,1064,1,1061,0.0,1365.0,90.72340425531915
AMMPNBBG_02572,sp|Q58131|ARGD_METJA,57.179,397,168,2,1,397,1,395,1.65e-158,454.0,87.63796909492274
AMMPNBBG_02574,sp|A3DGK6|ARGB_ACET2,100.0,304,0,0,1,304,1,304,0.0,599.0,98.38187702265373
AMMPNBBG_02575,sp|A3DGK5|ARGC_ACET2,99.711,346,1,0,1,346,1,346,0.0,707.0,94.79452054794521
AMMPNBBG_02576,sp|P94360|MSMX_BACSU,64.674,368,126,1,1,368,1,364,1.45e-168,478.0,94.84536082474226
AMMPNBBG_02578,sp|O34814|FTSE_BACSU,57.589,224,95,0,1,224,1,224,1.12e-96,284.0,91.80327868852459
AMMPNBBG_02585,sp|P62171|CSPC_BACCR,79.365,63,13,0,3,65,2,64,4.2300000000000004e-32,108.0,91.30434782608695
AMMPNBBG_02586,sp|A3DGJ4|HSLO_ACET2,100.0,296,0,0,1,296,1,296,0.0,609.0,97.04918032786885
AMMPNBBG_02595,sp|P32113|COPA_ENTHA,56.612,726,294,8,20,738,12,723,0.0,800.0,88.10679611650485
AMMPNBBG_02598,sp|A3DGI7|METAA_ACET2,100.0,305,0,0,1,305,1,305,0.0,636.0,89.70588235294117
AMMPNBBG_02601,sp|Q9WZY4|METY_THEMA,65.268,429,145,4,1,427,1,427,0.0,566.0,96.40449438202248
AMMPNBBG_02603,sp|P9WP55|CYSK_MYCTU,67.752,307,97,1,4,310,3,307,1.71e-138,397.0,83.65122615803816
AMMPNBBG_02608,sp|A3DE57|PYRH_ACET2,100.0,235,0,0,1,235,1,235,3.7e-173,478.0,96.70781893004116
AMMPNBBG_02609,sp|A3DE56|RRF_ACET2,99.454,183,1,0,1,183,1,183,2.67e-126,355.0,99.45652173913044
AMMPNBBG_02611,sp|Q8RA26|ISPT_CALS4,57.447,235,100,0,18,252,13,247,3.36e-101,297.0,91.43968871595331
AMMPNBBG_02613,sp|A3DE52|DXR_ACET2,100.0,381,0,0,1,381,1,381,0.0,771.0,87.78801843317973
AMMPNBBG_02615,sp|B8I6E1|ISPG_RUMCH,71.51,351,100,0,2,352,3,353,0.0,512.0,86.24078624078624
AMMPNBBG_02616,sp|Q8XJR3|DPO3_CLOPE,57.06,1381,559,11,85,1442,80,1449,0.0,1608.0,93.3108108108108
AMMPNBBG_02618,sp|A3DE48|RIMP_ACET2,100.0,154,0,0,1,154,1,154,2.03e-106,303.0,96.85534591194968
AMMPNBBG_02619,sp|Q9KA74|NUSA_HALH5,63.743,342,124,0,1,342,1,342,2.4800000000000004e-163,466.0,81.81818181818183
AMMPNBBG_02620,sp|P32728|YLXR_BACSU,52.5,80,38,0,2,81,3,82,8.88e-22,84.3,100.0
AMMPNBBG_02622,sp|A3DE44|IF2_ACET2,99.71,1035,3,0,12,1046,1,1035,0.0,2072.0,100.0
AMMPNBBG_02623,sp|A3DE43|RBFA_ACET2,99.187,123,1,0,1,123,1,123,6.19e-84,243.0,89.78102189781022
AMMPNBBG_02633,sp|A3DE35|MRAZ_ACET2,99.301,143,1,0,2,144,1,143,1.57e-102,292.0,88.27160493827161
AMMPNBBG_02634,sp|A3DE34|RSMH_ACET2,99.681,313,1,0,1,313,1,313,0.0,632.0,93.7125748502994
AMMPNBBG_02637,sp|Q8R9G2|MURE_CALS4,52.292,480,227,2,1,479,1,479,6.62e-174,500.0,90.3954802259887
AMMPNBBG_02639,sp|A3DE29|MRAY_ACET2,99.695,328,1,0,1,328,3,330,0.0,649.0,89.61748633879782
AMMPNBBG_02641,sp|A3DE27|MURG_ACET2,100.0,369,0,0,1,369,1,369,0.0,746.0,95.10309278350515
AMMPNBBG_02642,sp|Q8R9G7|MURA2_CALS4,51.282,117,57,0,1,117,1,117,8.8e-39,137.0,91.40625
AMMPNBBG_02647,sp|A3DBE8|HCP_ACET2,100.0,542,0,0,1,542,1,542,0.0,1118.0,94.42508710801394
AMMPNBBG_02656,sp|Q02001|TRPE_LACLA,59.091,44,18,0,1,44,411,454,1.56e-10,57.0,91.66666666666666
AMMPNBBG_02657,sp|P28820|PABB_BACSU,58.333,96,40,0,1,96,314,409,9.22e-35,126.0,84.95575221238938
AMMPNBBG_02659,sp|P22805|BIOA_LYSSH,58.969,446,183,0,1,446,5,450,0.0,585.0,90.2834008097166
AMMPNBBG_02660,sp|A3DBD7|BIOC_ACET2,99.647,283,1,0,1,283,1,283,0.0,585.0,91.88311688311688
AMMPNBBG_02662,sp|A3DBD5|BIOF_ACET2,99.485,388,2,0,1,388,1,388,0.0,793.0,92.60143198090692
AMMPNBBG_02664,sp|A3DBD3|BIOB_ACET2,99.688,320,1,0,1,320,1,320,0.0,654.0,96.09609609609609
AMMPNBBG_02669,sp|P42293|EABN2_BACSU,64.56,443,151,4,268,706,29,469,0.0,590.0,97.14912280701753
AMMPNBBG_02689,sp|P39858|CAPI_STAAU,60.542,332,130,1,5,336,3,333,3.6e-152,433.0,85.56701030927834
AMMPNBBG_02694,sp|O31826|YNGI_BACSU,51.188,547,265,2,293,838,4,549,0.0,588.0,83.00455235204855
AMMPNBBG_02695,sp|P23171|YRUB_CLOPA,54.286,70,32,0,5,74,4,73,7.36e-24,88.2,84.33734939759037
AMMPNBBG_02702,sp|O32219|CADA_BACSU,59.83,707,270,4,5,706,4,701,0.0,837.0,82.98122065727699
AMMPNBBG_02704,sp|O31526|YESW_BACSU,62.199,582,198,8,256,817,39,618,0.0,748.0,97.16193656093489
AMMPNBBG_02712,sp|O83668|ALF_TREPA,57.055,326,119,6,3,309,9,332,1.43e-121,354.0,88.8283378746594
AMMPNBBG_02715,sp|Q7X5C9|LDH_THESW,52.903,310,142,2,8,315,2,309,3.14e-111,328.0,94.22492401215806
AMMPNBBG_02716,sp|O34962|MAO4_BACSU,64.194,391,139,1,1,390,1,391,1.59e-172,490.0,85.0
AMMPNBBG_02718,sp|Q46508|HNDD_SOLFR,51.613,589,267,6,1,577,1,583,0.0,590.0,100.0
AMMPNBBG_02719,sp|Q46507|HNDC_SOLFR,65.702,484,164,2,113,596,9,490,0.0,681.0,80.2653399668325
AMMPNBBG_02730,sp|P70976|YBAJ_BACSU,53.03,66,31,0,1,66,30,95,1.64e-15,73.2,100.0
AMMPNBBG_02733,sp|Q67MT5|RF3_SYMTH,62.808,527,194,2,3,529,2,526,0.0,682.0,98.87429643527204
AMMPNBBG_02739,sp|O05404|SIGV_BACSU,55.862,145,64,0,19,163,18,162,1.2500000000000001e-58,183.0,85.79881656804734
AMMPNBBG_02756,sp|P39456|TCYC_BACSU,54.651,258,98,5,3,257,1,242,2.12e-88,265.0,95.55555555555556
AMMPNBBG_02766,sp|A3DH20|ADDB_ACET2,99.825,1146,2,0,1,1146,1,1146,0.0,2359.0,89.74158183241974
AMMPNBBG_02767,sp|A3DH19|ADDA_ACET2,99.68,1251,4,0,1,1251,1,1251,0.0,2561.0,88.91257995735607
AMMPNBBG_02776,sp|Q8XNI5|UVRA_CLOPE,65.815,939,319,2,3,940,2,939,0.0,1311.0,96.0122699386503
AMMPNBBG_02778,sp|Q8R8M4|UVRB_CALS4,75.988,658,156,1,1,658,1,656,0.0,1055.0,94.81268011527378
AMMPNBBG_02791,sp|P52878|SERC_METBF,71.816,369,104,0,1,369,1,369,0.0,566.0,98.4
AMMPNBBG_02818,sp|A3DGR3|PYRG_ACET2,100.0,542,0,0,1,542,1,542,0.0,1112.0,98.01084990958408
AMMPNBBG_02823,sp|Q9TM05|CLPC_CYACA,56.988,644,253,7,145,767,193,833,0.0,732.0,81.41592920353983
AMMPNBBG_02826,sp|A3DC74|SIGI3_ACET2,100.0,249,0,0,1,249,1,249,1.3e-180,498.0,96.51162790697676
AMMPNBBG_02827,sp|A3DC75|RSGI3_ACET2,100.0,644,0,0,1,644,1,644,0.0,1324.0,100.0
AMMPNBBG_02835,sp|Q8XJ42|SYV_CLOPE,64.699,881,310,1,1,881,1,880,0.0,1216.0,84.5489443378119
AMMPNBBG_02847,sp|A3DK09|PURA_ACET2,100.0,424,0,0,1,424,1,424,0.0,864.0,95.92760180995475
AMMPNBBG_02852,sp|P05385|DBH_CLOPA,69.231,91,28,0,1,91,1,91,2.04e-37,123.0,91.91919191919192
AMMPNBBG_02853,sp|P52936|SP0A_CLOB8,52.075,265,123,1,3,263,4,268,6.43e-98,291.0,96.36363636363636
AMMPNBBG_02854,sp|A3DK03|AROA_ACET2,100.0,423,0,0,1,423,1,423,0.0,866.0,94.0
AMMPNBBG_02856,sp|P50840|YPSC_BACSU,53.083,373,172,2,1,371,1,372,1.8e-137,400.0,89.44844124700239
AMMPNBBG_02860,sp|Q06848|ANCA_ACET2,99.553,447,0,1,1,445,1,447,0.0,895.0,100.0
AMMPNBBG_02861,sp|Q06853|SLAP2_ACET2,100.0,603,0,0,1,603,1,603,0.0,1212.0,100.0
AMMPNBBG_02862,sp|Q06852|SLAP1_ACET2,99.55,222,1,0,1,222,2092,2313,5.14e-155,478.0,100.0
AMMPNBBG_02871,sp|P37521|YYAC_BACSU,50.0,140,68,1,36,173,43,182,4.1e-41,140.0,100.0
AMMPNBBG_02882,sp|A3DK21|QUEC_ACET2,100.0,222,0,0,1,222,1,222,2.41e-163,452.0,89.87854251012146
AMMPNBBG_02886,sp|A3DK17|DAPAT_ACET2,100.0,410,0,0,1,410,1,410,0.0,843.0,97.85202863961814
AMMPNBBG_02887,sp|A3DK16|DAPF_ACET2,100.0,280,0,0,1,280,1,280,0.0,573.0,89.171974522293
AMMPNBBG_02893,sp|O34319|YKCC_BACSU,64.61,308,109,0,1,308,1,308,9.79e-151,429.0,93.90243902439023
AMMPNBBG_02895,sp|C4LYI2|HIT_ENTH1,50.467,107,47,3,2,106,3,105,4.49e-31,109.0,92.24137931034483
AMMPNBBG_02905,sp|A3DCC8|LARC_ACET2,100.0,407,0,0,1,407,1,407,0.0,830.0,95.99056603773585
AMMPNBBG_02906,sp|F9UST0|LARB_LACPL,59.336,241,98,0,8,248,6,246,1.85e-94,280.0,93.4108527131783
AMMPNBBG_02909,sp|Q0SR12|RF2_CLOPS,59.184,343,139,1,4,346,23,364,7.61e-153,437.0,93.71584699453553
AMMPNBBG_02911,sp|Q795M6|YUGH_BACSU,53.316,377,176,0,11,387,9,385,1.56e-151,436.0,85.4875283446712
AMMPNBBG_02912,sp|O05236|YUGG_BACSU,55.556,153,67,1,3,154,9,161,5.52e-54,171.0,100.0
AMMPNBBG_02915,sp|P0A4L2|THIO1_NOSSO,50.495,101,50,0,9,109,7,107,5.03e-38,126.0,87.82608695652175
AMMPNBBG_02955,sp|P94388|CAH_BACSU,57.413,317,134,1,3,319,2,317,1.6100000000000001e-121,354.0,100.0
AMMPNBBG_02958,sp|A3DJX6|KPTA_ACET2,99.441,179,1,0,1,179,4,182,1.88e-130,365.0,93.717277486911
AMMPNBBG_02982,sp|P24200|MCRA_ECOLI,50.725,69,34,0,187,255,188,256,1.63e-19,89.0,100.0
AMMPNBBG_03003,sp|Q06851|CIPA_ACET2,99.655,290,1,0,1,290,1564,1853,0.0,578.0,100.0
AMMPNBBG_03010,sp|Q02929|CPS_ACET2,75.238,105,26,0,1,105,453,557,2.3e-36,132.0,100.0
